acceptedName,specimenCount,propContemporary,yearPublished,medianPrediction,lower95ConfInt,upper95ConfInt
Fomitopsis pinicola,48660,0.865,1774,0.001,0,0.004
Trametes versicolor,48850,0.804,1753,0.001,0,0.006
Fomes fomentarius,43836,0.9,1753,0.001,0,0.006
Phellinidium ferrugineofuscum,29994,0.94,1887,0.001,0,0.003
Schizophyllum commune,35757,0.833,1755,0.001,0,0.008
Laetiporus sulphureus,30743,0.893,1755,0.001,0,0.009
Stereum hirsutum,33470,0.758,1776,0.001,0,0.008
Amanita rubescens,29055,0.845,1787,0.001,0,0.007
Hypholoma fasciculare,27527,0.859,1778,0.001,0,0.008
Lactarius deterrimus,12970,0.857,1968,0.002,0,0.007
Xylaria hypoxylon,25536,0.838,1753,0.002,0,0.013
Cantharellus cibarius,26540,0.796,1753,0.002,0,0.013
Phellinus chrysoloma,16732,0.941,1861,0.002,0,0.006
Phellopilus nigrolimitatus,14750,0.885,1911,0.002,0,0.006
Trichaptum abietinum,23397,0.774,1792,0.002,0,0.01
Calocera viscosa,21087,0.861,1794,0.002,0,0.009
Laccaria laccata,24514,0.736,1772,0.002,0,0.013
Apioperdon pyriforme,22415,0.816,1774,0.002,0,0.012
Phellinus viticola,17737,0.892,1822,0.002,0,0.008
Hygrocybe conica,21034,0.851,1774,0.002,0,0.012
Cerioporus squamosus,20757,0.906,1755,0.002,0,0.014
Leccinum scabrum,20996,0.795,1783,0.002,0,0.012
Phellinus tremulae,11828,0.864,1912,0.002,0.001,0.008
Rhodofomes roseus,17586,0.872,1805,0.002,0,0.01
Hermanssonia centrifuga,12359,0.913,1881,0.002,0.001,0.008
Auricularia auricula-judae,20415,0.844,1753,0.002,0,0.016
Bjerkandera adusta,21583,0.702,1787,0.002,0,0.014
Macrolepiota procera,18518,0.884,1772,0.002,0,0.013
Rhytisma acerinum,17923,0.843,1794,0.003,0,0.012
Laccaria amethystina,18368,0.864,1778,0.003,0,0.013
Daedaleopsis confragosa,18580,0.789,1792,0.003,0,0.013
Clitocybe nebularis,16281,0.87,1789,0.003,0,0.013
Hygrophoropsis aurantiaca,17485,0.809,1781,0.003,0,0.015
Stereum rugosum,16847,0.804,1794,0.003,0,0.014
Phaeolus schweinitzii,15792,0.836,1800,0.003,0,0.013
Lepista nuda,16004,0.844,1790,0.003,0,0.014
Coprinellus micaceus,15838,0.857,1786,0.003,0,0.014
Gloeophyllum sepiarium,18294,0.727,1783,0.003,0,0.016
Hygrocybe reidii,5744,0.93,1977,0.003,0.001,0.012
Pleurotus ostreatus,16812,0.828,1774,0.003,0,0.016
Mycena galericulata,17708,0.772,1772,0.003,0,0.018
Cortinarius semisanguineus,7980,0.751,1963,0.003,0.001,0.013
Amanita citrina,16187,0.819,1774,0.003,0,0.017
Scleroderma citrinum,14280,0.828,1801,0.004,0.001,0.015
Mycena pura,15882,0.76,1788,0.004,0.001,0.017
Hydnellum peckii,7850,0.896,1912,0.004,0.001,0.012
Craterellus tubaeformis,15479,0.819,1772,0.004,0,0.019
Amanita fulva,15284,0.821,1774,0.004,0,0.019
Trametes ochracea,15565,0.796,1774,0.004,0,0.019
Paxillus involutus,15069,0.796,1785,0.004,0.001,0.018
Inocybe geophylla,14358,0.787,1801,0.004,0.001,0.016
Fomitiporia punctata,10864,0.766,1874,0.004,0.001,0.012
Xanthoporia radiata,14269,0.784,1799,0.004,0.001,0.016
Artomyces pyxidatus,12395,0.906,1794,0.004,0.001,0.016
Stereum subtomentosum,9063,0.877,1874,0.004,0.001,0.012
Phallus impudicus,14870,0.846,1753,0.004,0,0.024
Cryphonectria parasitica,7296,0.897,1906,0.004,0.001,0.013
Russula adusta,14064,0.786,1785,0.004,0.001,0.019
Chondrostereum purpureum,14528,0.748,1786,0.004,0.001,0.02
Phlebia tremellosa,13438,0.776,1794,0.004,0.001,0.019
Phellinus igniarius,17111,0.651,1753,0.005,0,0.029
Armillaria ostoyae,4612,0.878,1970,0.005,0.001,0.016
Fistulina hepatica,12808,0.873,1769,0.005,0.001,0.022
Cystostereum murrayi,8423,0.866,1868,0.005,0.001,0.014
Hydnellum ferrugineum,11420,0.882,1791,0.005,0.001,0.019
Panellus stipticus,13350,0.791,1774,0.005,0.001,0.023
Inonotus obliquus,11186,0.859,1801,0.005,0.001,0.018
Trametes gibbosa,11366,0.871,1793,0.005,0.001,0.019
Neoantrodia serialis,12315,0.725,1811,0.005,0.001,0.019
Gymnopilus penetrans,10716,0.832,1815,0.005,0.001,0.017
Cystoderma amianthinum,13187,0.78,1772,0.005,0.001,0.025
Calycina citrina,12720,0.735,1789,0.005,0.001,0.023
Fomitiporia robusta,7489,0.808,1888,0.005,0.002,0.016
Galerina marginata,12045,0.776,1789,0.006,0.001,0.022
Cyanosporus alni,3132,0.855,2001,0.006,0.001,0.021
Leccinum versipelle,10238,0.799,1821,0.006,0.001,0.018
Tricholomopsis rutilans,12727,0.769,1772,0.006,0.001,0.026
Coprinellus disseminatus,11373,0.868,1774,0.006,0.001,0.024
Armillaria mellea,13326,0.655,1790,0.006,0.001,0.025
Leratiomyces ceres,5738,0.993,1888,0.006,0.002,0.015
Phlebia radiata,11108,0.784,1800,0.006,0.001,0.021
Lactarius torminosus,12363,0.772,1774,0.006,0.001,0.027
Daedalea quercina,13325,0.768,1753,0.006,0.001,0.032
Chlorociboria aeruginascens,8020,0.797,1868,0.006,0.002,0.017
Rickenella fibula,11133,0.831,1784,0.006,0.001,0.023
Cyanosporus caesius,11682,0.748,1794,0.006,0.001,0.023
Mycena haematopus,10302,0.832,1800,0.006,0.001,0.021
Tubaria furfuracea,10136,0.84,1801,0.006,0.001,0.021
Chalciporus piperatus,11488,0.766,1790,0.006,0.001,0.024
Cuphophyllus virgineus,11360,0.844,1772,0.006,0.001,0.026
Calocera cornea,11767,0.786,1777,0.006,0.001,0.026
Megacollybia platyphylla,11253,0.77,1793,0.006,0.001,0.024
Mycena epipterygia,12181,0.764,1772,0.006,0.001,0.028
Sarcoscypha austriaca,5985,0.934,1884,0.006,0.002,0.016
Cuphophyllus pratensis,10038,0.826,1801,0.006,0.001,0.022
Bolbitius titubans,11685,0.865,1753,0.006,0.001,0.032
Hygrocybe chlorophana,8644,0.876,1821,0.006,0.002,0.02
Candolleomyces candolleanus,11168,0.764,1789,0.006,0.001,0.025
Amanita pantherina,10848,0.81,1783,0.006,0.001,0.025
Lactarius tabidus,9152,0.749,1838,0.006,0.002,0.02
Hydnoporia tabacina,11618,0.705,1792,0.007,0.001,0.026
Tapinella atrotomentosa,10620,0.821,1783,0.007,0.001,0.025
Xerocomellus chrysenteron,11141,0.752,1789,0.007,0.001,0.026
Volvopluteus gloiocephalus,8854,0.911,1803,0.007,0.001,0.021
Sarcomyxa serotina,9868,0.844,1793,0.007,0.001,0.024
Nectria cinnabarina,13879,0.653,1753,0.007,0.001,0.037
Rhodocollybia butyracea,10778,0.765,1792,0.007,0.001,0.025
Dacrymyces stillatus,10736,0.755,1796,0.007,0.001,0.025
Hymenopellis radicata,10590,0.797,1786,0.007,0.001,0.026
Russula nobilis,5200,0.818,1920,0.007,0.002,0.019
Leccinum variicolor,3616,0.824,1969,0.007,0.002,0.022
Russula betularum,4122,0.781,1960,0.007,0.002,0.021
Trametes cinnabarina,11844,0.717,1776,0.007,0.001,0.03
Russula cyanoxantha,11206,0.771,1774,0.007,0.001,0.03
Jackrogersella multiformis,10671,0.755,1791,0.007,0.001,0.026
Leotia lubrica,11456,0.757,1771,0.007,0.001,0.03
Sparassis crispa,9911,0.893,1772,0.007,0.001,0.028
Infundibulicybe gibba,10708,0.748,1790,0.007,0.001,0.027
Trametes coccinea,6682,0.914,1851,0.007,0.002,0.019
Szczepkamyces campestris,5949,0.902,1872,0.007,0.002,0.019
Gliophorus psittacinus,9792,0.873,1774,0.007,0.001,0.029
Hymenochaete rubiginosa,10191,0.779,1785,0.007,0.001,0.028
Mycena galopus,9639,0.755,1800,0.008,0.002,0.027
Podofomes mollis,9643,0.733,1805,0.008,0.002,0.026
Lactarius quietus,8343,0.793,1821,0.008,0.002,0.023
Hygrocybe insipida,3885,0.932,1923,0.008,0.003,0.021
Aleuria aurantia,10640,0.73,1778,0.008,0.001,0.032
Pholiota squarrosa,9928,0.829,1770,0.008,0.001,0.032
Gymnopilus junonius,7420,0.892,1821,0.008,0.002,0.023
Mucidula mucida,8300,0.893,1794,0.008,0.002,0.027
Pleurotus pulmonarius,7256,0.899,1821,0.008,0.002,0.023
Clavulina coralloides,10972,0.776,1753,0.008,0.001,0.039
Paragymnopus perforans,9293,0.795,1789,0.008,0.002,0.029
Cerrena unicolor,11770,0.571,1789,0.008,0.001,0.035
Odonticium romellii,2786,0.944,1958,0.008,0.002,0.024
Vuilleminia comedens,8695,0.833,1794,0.008,0.002,0.028
Hygrocybe acutoconica,5253,0.835,1890,0.008,0.003,0.021
Trametes hirsuta,11433,0.591,1788,0.008,0.001,0.035
Ascocoryne sarcoides,9496,0.79,1781,0.008,0.001,0.031
Sarcodon imbricatus,10486,0.801,1753,0.008,0.001,0.04
Russula foetens,9297,0.745,1796,0.008,0.002,0.03
Laetiporus gilbertsonii,1685,0.974,2001,0.008,0.002,0.027
Trichaptum biforme,8971,0.621,1833,0.008,0.002,0.027
Tylopilus felleus,9370,0.76,1788,0.009,0.002,0.031
Cortinarius trivialis,4830,0.752,1915,0.009,0.003,0.023
Peniophora incarnata,9260,0.709,1801,0.009,0.002,0.03
Lactarius scrobiculatus,9139,0.835,1772,0.009,0.001,0.034
Sarcodon squamosus,7804,0.978,1774,0.009,0.002,0.032
Phellinus lundellii,3135,0.738,1972,0.009,0.002,0.028
Stereum sanguinolentum,9237,0.679,1805,0.009,0.002,0.031
Xylaria polymorpha,9228,0.709,1797,0.009,0.002,0.032
Lactarius trivialis,8028,0.751,1815,0.009,0.002,0.028
Collybiopsis confluens,9016,0.722,1796,0.009,0.002,0.032
Hypholoma lateritium,9473,0.757,1774,0.009,0.002,0.037
Laccaria bicolor,3785,0.77,1937,0.009,0.003,0.026
Anthoporia albobrunnea,3929,0.882,1911,0.009,0.003,0.024
Schizopora paradoxa,10391,0.593,1794,0.009,0.002,0.036
Ischnoderma benzoinum,8181,0.81,1794,0.009,0.002,0.031
Trichaptum fuscoviolaceum,8254,0.828,1788,0.009,0.002,0.032
Byssomerulius corium,9199,0.719,1789,0.009,0.002,0.034
Mycena stipata,2403,0.782,1987,0.009,0.002,0.031
Collybiopsis peronata,8928,0.747,1788,0.009,0.002,0.034
Laccaria proxima,5082,0.825,1881,0.009,0.003,0.023
Atheniella flavoalba,6235,0.857,1838,0.009,0.003,0.025
Entoloma conferendum,5684,0.734,1881,0.009,0.003,0.024
Paralepista flaccida,8941,0.808,1772,0.01,0.002,0.037
Clitocybe odora,9560,0.74,1772,0.01,0.002,0.039
Lentinus brumalis,9772,0.651,1789,0.01,0.002,0.037
Hygrocybe ceracea,7726,0.904,1781,0.01,0.002,0.034
Xylodon radula,8051,0.772,1801,0.01,0.002,0.032
Phellinopsis conchata,9082,0.698,1792,0.01,0.002,0.035
Hericium coralloides,8824,0.796,1772,0.01,0.002,0.038
Heterobasidion annosum,10015,0.602,1790,0.01,0.002,0.038
Stereum ostrea,8798,0.588,1822,0.01,0.002,0.033
Helvella crispa,8707,0.814,1770,0.01,0.002,0.039
Pseudohydnum gelatinosum,9035,0.817,1760,0.01,0.002,0.042
Phyllotopsis nidulans,7435,0.844,1798,0.01,0.002,0.031
Hygrocybe quieta,2826,0.873,1947,0.01,0.003,0.027
Calvatia gigantea,7359,0.897,1786,0.01,0.002,0.034
Russula acrifolia,1952,0.797,1997,0.01,0.003,0.034
Inonotus leporinus,5169,0.905,1852,0.01,0.004,0.025
Clathrus archeri,4671,0.955,1859,0.01,0.004,0.025
Auricularia mesenterica,8284,0.801,1780,0.01,0.002,0.037
Chaetodermella luna,2888,0.863,1943,0.01,0.003,0.028
Morchella americana,1176,0.986,2012,0.01,0.003,0.033
Gyromitra esculenta,7639,0.764,1805,0.01,0.002,0.032
Skeletocutis carneogrisea,2129,0.828,1982,0.01,0.003,0.032
Agaricus xanthodermus,4755,0.845,1876,0.01,0.004,0.025
Craterellus cornucopioides,9899,0.72,1753,0.011,0.001,0.05
Inocutis rheades,6194,0.856,1825,0.011,0.003,0.029
Hygrocybe punicea,6685,0.803,1821,0.011,0.003,0.03
Lepiota magnispora,3758,0.826,1912,0.011,0.004,0.027
Amanita virosa,6487,0.747,1838,0.011,0.003,0.029
Amanita phalloides,10305,0.785,1723,0.011,0.001,0.063
Pertusaria pertusa,10902,0.553,1767,0.011,0.001,0.051
Lenzites betulinus,10739,0.62,1753,0.011,0.001,0.053
Russula delica,6788,0.7,1838,0.011,0.003,0.03
Amanita excelsa,7564,0.759,1801,0.011,0.003,0.035
Cyathus striatus,8442,0.747,1778,0.011,0.002,0.041
Asterodon ferruginosus,4277,0.801,1894,0.011,0.004,0.027
Omphalotus olivascens,1773,0.941,1976,0.011,0.003,0.032
Ampulloclitocybe clavipes,7642,0.732,1801,0.011,0.003,0.036
Amanita submembranacea,2080,0.831,1975,0.011,0.003,0.033
Lactarius glyciosmus,7089,0.711,1818,0.012,0.003,0.034
Cortinarius armillatus,6950,0.728,1818,0.012,0.003,0.034
Helvella vespertina,1037,0.977,2013,0.012,0.003,0.036
Lepiota cristata,7947,0.788,1774,0.012,0.002,0.043
Amanita crocea,3878,0.819,1898,0.012,0.004,0.029
Geastrum triplex,6312,0.707,1840,0.012,0.004,0.031
Cortinarius rubellus,4311,0.795,1887,0.012,0.004,0.028
Lactarius aurantiacus,7336,0.744,1801,0.012,0.003,0.037
Megacollybia rodmanii,1073,0.99,2008,0.012,0.003,0.036
Marasmius rotula,8366,0.738,1772,0.012,0.002,0.046
Hypoxylon fragiforme,8169,0.779,1768,0.012,0.002,0.046
Russula emetica,8789,0.677,1774,0.012,0.002,0.047
Tricholoma fulvum,7177,0.79,1792,0.012,0.003,0.038
Agaricus sylvicola,6457,0.69,1835,0.012,0.004,0.033
Leccinellum pseudoscabrum,2939,0.86,1924,0.012,0.004,0.03
Ganoderma resinaceum,4063,0.802,1889,0.012,0.005,0.029
Tricholoma sciodes,2079,0.786,1974,0.012,0.004,0.036
Gloeophyllum odoratum,8112,0.733,1774,0.012,0.002,0.047
Cortinarius traganus,6116,0.8,1818,0.012,0.003,0.034
Protostropharia semiglobata,8046,0.707,1781,0.013,0.002,0.045
Stropharia aeruginosa,8083,0.737,1772,0.013,0.002,0.047
Lacrymaria lacrymabunda,7575,0.742,1785,0.013,0.003,0.043
Lactarius blennius,6857,0.794,1794,0.013,0.003,0.04
Mycena rosea,6370,0.956,1774,0.013,0.003,0.043
Lactarius helvus,6265,0.739,1821,0.013,0.004,0.036
Lactarius camphoratus,7432,0.738,1786,0.013,0.003,0.044
Exobasidium vaccinii,6120,0.573,1861,0.013,0.004,0.036
Hygrocybe miniata,5827,0.795,1821,0.013,0.004,0.035
Xerocomellus porosporus,2087,0.846,1958,0.013,0.004,0.035
Coprinopsis picacea,6028,0.936,1784,0.013,0.003,0.042
Craterellus lutescens,7330,0.792,1774,0.013,0.003,0.047
Leccinum vulpinum,2097,0.819,1961,0.013,0.004,0.036
Russula ochroleuca,6191,0.826,1801,0.013,0.003,0.039
Hericium americanum,1369,0.942,1984,0.013,0.004,0.037
Clavulinopsis luteoalba,2995,0.909,1904,0.013,0.005,0.031
Cyanosporus subcaesius,2002,0.763,1974,0.013,0.004,0.038
Hydnellum aurantiacum,6638,0.809,1789,0.014,0.003,0.043
Sidera lenis,5169,0.81,1836,0.014,0.004,0.034
Coprinopsis lagopus,5139,0.881,1821,0.014,0.004,0.036
Tricholoma terreum,7655,0.725,1774,0.014,0.003,0.051
Hapalopilus rutilans,7745,0.639,1792,0.014,0.003,0.047
Eutypa sparsa,3123,0.941,1889,0.014,0.005,0.032
Pycnoporellus fulgens,4320,0.872,1852,0.014,0.005,0.033
Antrodia sinuosa,6182,0.703,1821,0.014,0.004,0.039
Lactarius vietus,6402,0.671,1821,0.014,0.004,0.04
Tremella fuciformis,3994,0.905,1856,0.014,0.005,0.033
Neoboletus luridiformis,4568,0.855,1844,0.014,0.005,0.034
Oxyporus corticola,5623,0.778,1821,0.014,0.004,0.038
Hygrocybe splendidissima,1688,0.928,1960,0.014,0.005,0.037
Mycena vitilis,5001,0.797,1838,0.014,0.005,0.035
Russula velenovskyi,2925,0.737,1928,0.015,0.005,0.036
Meripilus giganteus,8043,0.883,1719,0.015,0.002,0.079
Laccaria amethysteo-occidentalis,1367,0.892,1984,0.015,0.005,0.04
Mycena sanguinolenta,6286,0.741,1805,0.015,0.004,0.042
Peniophora quercina,6715,0.761,1787,0.015,0.003,0.047
Baeospora myosura,5261,0.84,1818,0.015,0.004,0.038
Clavulinopsis helvola,5895,0.866,1790,0.015,0.004,0.044
Mycena inclinata,4992,0.781,1838,0.015,0.005,0.036
Amanita jacksonii,1295,0.941,1980,0.015,0.005,0.04
Hygrophorus piceae,2326,0.758,1949,0.015,0.005,0.039
Pseudoclitocybe cyathiformis,6282,0.817,1786,0.015,0.003,0.047
Exidia nigricans,5843,0.936,1776,0.015,0.003,0.048
Grifola frondosa,6724,0.86,1762,0.015,0.003,0.056
Russula parazurea,2509,0.806,1931,0.015,0.006,0.037
Tricholoma arvernense,1510,0.865,1976,0.015,0.005,0.041
Auriscalpium vulgare,7688,0.763,1753,0.015,0.002,0.062
Entoloma rhodopolium,6046,0.694,1818,0.015,0.004,0.042
Russula puellaris,5255,0.721,1838,0.015,0.005,0.038
Phaeoclavulina eumorpha,3406,0.853,1882,0.015,0.006,0.034
Rhodocollybia maculata,6574,0.673,1805,0.015,0.004,0.045
Panaeolus papilionaceus,7297,0.679,1781,0.015,0.003,0.054
Lactifluus vellereus,5964,0.678,1821,0.015,0.004,0.043
Geoglossum fallax,3050,0.785,1908,0.015,0.006,0.036
Phellodon tomentosus,6595,0.799,1774,0.016,0.003,0.053
Leucoagaricus leucothites,5010,0.756,1835,0.016,0.005,0.038
Ramaria stricta,6072,0.774,1795,0.016,0.004,0.047
Mycena pseudocorticola,1971,0.906,1938,0.016,0.006,0.038
Gliophorus laetus,5617,0.816,1800,0.016,0.004,0.045
Hygrocybe cantharellus,4944,0.825,1822,0.016,0.005,0.04
Meruliopsis taxicola,6059,0.775,1792,0.016,0.004,0.048
Daedalea xantha,6137,0.655,1815,0.016,0.004,0.046
Panaeolina foenisecii,5771,0.781,1800,0.016,0.004,0.046
Coltricia perennis,8895,0.566,1753,0.016,0.002,0.074
Agaricus augustus,4467,0.823,1838,0.016,0.006,0.038
Lactarius salmonicolor,2136,0.751,1950,0.016,0.006,0.042
Russula fellea,5129,0.779,1821,0.016,0.005,0.042
Trichaptum laricinum,2849,0.816,1905,0.017,0.007,0.037
Russula grata,3337,0.76,1893,0.017,0.007,0.038
Leccinum aurantiacum,6515,0.773,1774,0.017,0.003,0.056
Clitocybe fragrans,5692,0.805,1792,0.017,0.004,0.05
Lentinus substrictus,6573,0.673,1792,0.017,0.004,0.053
Russula amoenolens,1798,0.835,1952,0.017,0.006,0.042
Skeletocutis amorpha,5819,0.673,1815,0.017,0.005,0.047
Hygrocybe glutinipes,1798,0.911,1940,0.017,0.006,0.041
Picipes badius,5615,0.831,1788,0.017,0.004,0.051
Helvella dryophila,694,0.978,2013,0.017,0.006,0.047
Chlorophyllum rhacodes,4329,0.834,1835,0.017,0.006,0.04
Phellodon niger,5599,0.82,1789,0.017,0.004,0.052
Amanita gemmata,4785,0.72,1838,0.018,0.006,0.042
Tricholoma sulphureum,5863,0.796,1784,0.018,0.004,0.054
Albatrellus ovinus,6542,0.735,1774,0.018,0.004,0.06
Oxyporus populinus,6402,0.626,1803,0.018,0.004,0.053
Cylindrobasidium evolvens,5124,0.764,1815,0.018,0.005,0.046
Lycoperdon excipuliforme,6335,0.77,1772,0.018,0.004,0.06
Xylaria longipes,3487,0.828,1867,0.018,0.007,0.039
Mycetinis alliaceus,5821,0.846,1773,0.018,0.004,0.058
Hebeloma mesophaeum,5358,0.653,1828,0.018,0.005,0.047
Ganoderma tsugae,2730,0.816,1902,0.018,0.007,0.04
Claviceps purpurea,8062,0.335,1815,0.018,0.004,0.066
Hydnellum caeruleum,4913,0.825,1808,0.018,0.005,0.048
Calocybe gambosa,5363,0.812,1793,0.018,0.005,0.053
Cortinarius anomalus,5936,0.724,1792,0.018,0.004,0.054
Laetiporus conifericola,772,0.968,2001,0.019,0.006,0.049
Fomitopsis ochracea,709,0.959,2008,0.019,0.006,0.05
Hebeloma leucosarx,1840,0.71,1960,0.019,0.006,0.048
Exidia recisa,4833,0.798,1813,0.019,0.006,0.048
Xylobolus frustulatus,5144,0.798,1801,0.019,0.005,0.051
Hydnellum scabrosum,4076,0.83,1836,0.019,0.007,0.043
Xerocomus subtomentosus,7329,0.68,1753,0.019,0.003,0.076
Bovistella utriformis,6218,0.744,1774,0.019,0.004,0.063
Russula integra,6639,0.78,1753,0.019,0.003,0.072
Crepidotus cesatii,3673,0.829,1851,0.019,0.007,0.042
Phellinus laevigatus,3904,0.656,1874,0.019,0.007,0.044
Lactarius badiosanguineus,1776,0.749,1954,0.019,0.007,0.048
Mycena polygramma,5670,0.755,1786,0.02,0.005,0.059
Cortinarius stillatitius,4115,0.786,1838,0.02,0.007,0.045
Tyromyces odorus,2824,0.834,1885,0.02,0.008,0.043
Strobilurus esculentus,5659,0.778,1781,0.02,0.005,0.061
Clitocybe costata,1571,0.825,1954,0.02,0.007,0.048
Collybiopsis quercophila,1116,0.845,1982,0.02,0.007,0.051
Apiosporina morbosa,4659,0.742,1822,0.02,0.006,0.05
Boletus pinophilus,3940,0.825,1835,0.02,0.007,0.046
Hypoxylon fuscum,6442,0.614,1787,0.02,0.004,0.065
Dacrymyces chrysospermus,4156,0.794,1832,0.02,0.007,0.046
Postia sericeomollis,2637,0.717,1911,0.02,0.008,0.046
Cortinarius bolaris,4935,0.794,1801,0.02,0.006,0.054
Fuscoporia ferruginosa,5929,0.66,1794,0.02,0.005,0.06
Diatrypella favacea,5414,0.73,1796,0.02,0.005,0.057
Entoloma sericeum,5422,0.76,1789,0.02,0.005,0.059
Russula densifolia,3586,0.674,1876,0.02,0.008,0.045
Pseudosperma rimosum,6610,0.637,1774,0.021,0.004,0.071
Mycena leptocephala,4953,0.784,1800,0.021,0.006,0.055
Russula rhodopus,2223,0.727,1928,0.021,0.008,0.047
Collybiopsis ramealis,5402,0.76,1788,0.021,0.005,0.06
Irpex lacteus,5867,0.538,1818,0.021,0.006,0.059
Calonarius odorifer,2612,0.868,1885,0.021,0.009,0.044
Chlorophyllum olivieri,2566,0.875,1886,0.021,0.009,0.044
Russula gracillima,2163,0.72,1931,0.021,0.008,0.049
Amanita regalis,4715,0.831,1797,0.021,0.006,0.057
Helvella lacunosa,6689,0.609,1774,0.021,0.004,0.074
Lactarius lignyotus,3885,0.69,1857,0.021,0.008,0.047
Cortinarius delibutus,4204,0.721,1838,0.021,0.007,0.048
Russula atropurpurea,3855,0.757,1845,0.021,0.008,0.047
Neoboletus erythropus,4502,0.87,1796,0.021,0.006,0.057
Pluteus atromarginatus,2311,0.771,1913,0.021,0.009,0.047
Cystoderma carcharias,5328,0.709,1797,0.021,0.006,0.059
Vitreoporus dichrous,5725,0.552,1815,0.022,0.006,0.061
Hygrocybe phaeococcinea,1006,0.901,1977,0.022,0.008,0.053
Lactarius pyrogalus,5023,0.778,1792,0.022,0.006,0.061
Ganoderma lucidum,7181,0.578,1761,0.022,0.004,0.084
Amanita battarrae,2902,0.82,1874,0.022,0.009,0.046
Geastrum fimbriatum,5239,0.697,1801,0.022,0.006,0.059
Lactarius alnicola,1157,0.929,1960,0.022,0.008,0.052
Russula favrei,1132,0.803,1979,0.022,0.008,0.055
Stropharia rugosoannulata,1884,0.843,1922,0.022,0.009,0.048
Clavaria fragilis,4767,0.825,1790,0.022,0.006,0.061
Otidea onotica,5041,0.75,1794,0.022,0.006,0.062
Lactarius zonarioides,1524,0.774,1953,0.022,0.009,0.053
Agrocybe praecox,6103,0.663,1774,0.022,0.005,0.074
Trichoderma asperellum,968,0.733,1999,0.022,0.007,0.061
Peniophorella praetermissa,3797,0.498,1889,0.022,0.008,0.056
Steccherinum ochraceum,6024,0.591,1792,0.022,0.005,0.068
Calonarius elegantior,1485,0.799,1952,0.022,0.009,0.053
Infundibulicybe geotropa,4738,0.809,1792,0.023,0.006,0.062
Tricholomopsis decora,4356,0.734,1821,0.023,0.007,0.055
Botryobasidium subcoronatum,3223,0.519,1907,0.023,0.008,0.056
Russula chloroides,3345,0.849,1843,0.023,0.009,0.049
Lyomyces sambuci,5488,0.647,1794,0.023,0.006,0.067
Amaropostia stiptica,5443,0.746,1774,0.023,0.005,0.074
Butyrea luteoalba,2484,0.82,1887,0.023,0.01,0.049
Hebeloma crustuliniforme,5587,0.66,1787,0.023,0.006,0.07
Gymnosporangium juniperi-virginianae,5054,0.573,1822,0.024,0.007,0.062
Hydnellum concrescens,5117,0.737,1786,0.024,0.006,0.069
Phlegmacium triumphans,3603,0.788,1838,0.024,0.009,0.052
Strobilomyces strobilaceus,5480,0.748,1770,0.024,0.005,0.077
Xeromphalina campanella,6252,0.619,1770,0.024,0.005,0.082
Tricholoma scalpturatum,3784,0.786,1830,0.024,0.009,0.054
Myxarium nucleatum,3840,0.814,1822,0.024,0.008,0.056
Postia ptychogaster,4035,0.878,1801,0.024,0.007,0.061
Leccinum cyaneobasileucum,691,0.961,1991,0.024,0.009,0.058
Cryptoporus volvatus,2880,0.757,1875,0.024,0.01,0.05
Cortinarius austrovenetus,1496,0.92,1928,0.024,0.01,0.052
Stereum complicatum,3832,0.77,1828,0.024,0.009,0.055
Russula xerampelina,6170,0.598,1774,0.024,0.005,0.083
Leucocybe connata,4381,0.777,1803,0.024,0.007,0.062
Hygrophorus erubescens,4081,0.749,1821,0.024,0.008,0.058
Lycoperdon pratense,5157,0.729,1782,0.025,0.006,0.073
Leucocoprinus birnbaumii,4209,0.893,1788,0.025,0.007,0.066
Panellus mitis,4414,0.802,1796,0.025,0.007,0.065
Chlorophyllum brunneum,1502,0.894,1929,0.025,0.01,0.053
Clavulinopsis corniculata,5534,0.802,1753,0.025,0.005,0.087
Mycetinis scorodonius,4511,0.679,1815,0.025,0.008,0.063
Cinereomyces lindbladii,3377,0.623,1872,0.025,0.01,0.055
Bulgaria inquinans,5293,0.723,1776,0.025,0.006,0.077
Lentinus arcularius,5680,0.624,1783,0.025,0.006,0.077
Incrustoporia chrysella,616,0.945,1998,0.025,0.009,0.061
Entoloma lividoalbum,1404,0.751,1954,0.025,0.01,0.059
Cortinarius brunneus,4759,0.696,1801,0.025,0.007,0.066
Clitocybe metachroa,3923,0.764,1821,0.025,0.009,0.059
Lophodermium pinastri,5220,0.62,1799,0.025,0.007,0.071
Lactarius subdulcis,5027,0.642,1801,0.025,0.007,0.069
Echinoderma asperum,4738,0.733,1793,0.025,0.007,0.069
Inocybe mixtilis,2681,0.72,1885,0.026,0.011,0.054
Psathyrella piluliformis,4964,0.735,1783,0.026,0.006,0.075
Clavulina rugosa,4709,0.785,1783,0.026,0.007,0.073
Exidia thuretiana,2968,0.85,1848,0.026,0.011,0.054
Russula risigallina,5212,0.709,1778,0.026,0.006,0.078
Hebeloma theobrominum,866,0.816,1986,0.026,0.009,0.063
Agaricus langei,1473,0.73,1950,0.026,0.01,0.06
Postia tephroleuca,4161,0.694,1821,0.026,0.009,0.062
Morchella importuna,595,0.83,2012,0.026,0.009,0.065
Scutellinia scutellata,6839,0.551,1753,0.026,0.004,0.103
Phellinus pomaceus,4693,0.742,1790,0.026,0.007,0.072
Mycena abramsii,1841,0.795,1916,0.026,0.011,0.055
Fuscopostia fragilis,3948,0.691,1828,0.026,0.009,0.061
Albatrellus subrubescens,1368,0.842,1940,0.026,0.011,0.058
Russula aquosa,1680,0.74,1933,0.026,0.011,0.058
Lactarius turpis,3603,0.775,1828,0.027,0.01,0.059
Bovista plumbea,5485,0.563,1795,0.027,0.006,0.078
Cortinarius croceus,4959,0.757,1774,0.027,0.006,0.08
Clavariadelphus truncatus,3504,0.74,1838,0.027,0.01,0.057
Russula cessans,1230,0.84,1950,0.027,0.011,0.059
Russula ionochlora,1249,0.813,1952,0.027,0.011,0.06
Aureonarius limonius,3749,0.789,1818,0.027,0.009,0.062
Mycena renati,2357,0.866,1873,0.027,0.012,0.055
Mycena leaiana,3102,0.799,1845,0.027,0.011,0.057
Omphalotus illudens,3370,0.857,1822,0.027,0.01,0.061
Phanerochaete sordida,3684,0.496,1873,0.027,0.01,0.064
Fuscopostia leucomallella,1747,0.65,1940,0.027,0.011,0.063
Tricholoma columbetta,3795,0.75,1821,0.027,0.009,0.063
Mycena zephirus,3486,0.846,1818,0.027,0.01,0.062
Ramaria testaceoflava,1964,0.934,1884,0.027,0.012,0.056
Phaeotremella foliacea,4413,0.718,1800,0.027,0.008,0.07
Hygrocybe aurantiosplendens,1034,0.91,1954,0.028,0.011,0.061
Inocybe napipes,2187,0.631,1917,0.028,0.011,0.061
Daldinia concentrica,7710,0.66,1690,0.028,0.003,0.174
Lactarius indigo,3341,0.85,1822,0.028,0.01,0.062
Exidiopsis effusa,1985,0.888,1888,0.028,0.013,0.057
Russula romellii,1923,0.768,1910,0.028,0.012,0.057
Diatrype stigma,5880,0.503,1787,0.028,0.006,0.09
Ischnoderma resinosum,4859,0.76,1772,0.028,0.007,0.084
Cortinarius quarciticus,595,0.934,1994,0.028,0.011,0.066
Ascocoryne cylichnium,3058,0.736,1853,0.028,0.012,0.059
Lactarius chrysorrheus,3557,0.69,1838,0.028,0.011,0.061
Russula sardonia,4119,0.783,1796,0.028,0.008,0.073
Crepidotus mollis,4827,0.747,1774,0.028,0.007,0.084
Lichenomphalia umbellifera,5807,0.669,1753,0.028,0.005,0.102
Meripilus sumstinei,1507,0.983,1904,0.028,0.013,0.058
Hygrophorus hedrychii,1728,0.766,1920,0.029,0.012,0.059
Tricholoma guldeniae,672,0.725,2009,0.029,0.01,0.073
Mycena rosella,4171,0.76,1797,0.029,0.009,0.073
Neofavolus alveolaris,3715,0.774,1815,0.029,0.01,0.066
Russula fragilis,5565,0.662,1762,0.029,0.006,0.096
Stereum gausapatum,4151,0.597,1828,0.029,0.01,0.069
Scleroderma areolatum,3497,0.811,1818,0.029,0.01,0.065
Chroogomphus rutilus,5863,0.647,1753,0.029,0.005,0.105
Calonarius meinhardii,992,0.923,1952,0.029,0.012,0.063
Fuscoporia ferrea,3880,0.668,1825,0.029,0.01,0.067
Phallus ravenelii,2059,0.922,1873,0.029,0.013,0.06
Cortinarius glandicolor,718,0.667,2009,0.029,0.01,0.078
Lactarius repraesentaneus,2423,0.715,1885,0.029,0.013,0.06
Cortinarius violaceus,4902,0.815,1753,0.03,0.006,0.099
Antrodiella serpula,2417,0.703,1887,0.03,0.013,0.06
Cordyceps militaris,5343,0.723,1753,0.03,0.006,0.103
Clathrus ruber,3577,0.86,1801,0.03,0.01,0.073
Guepiniopsis alpina,2081,0.725,1901,0.03,0.013,0.061
Phloeomana speirea,3438,0.819,1815,0.03,0.011,0.068
Psilocybe ovoideocystidiata,421,0.99,2007,0.03,0.011,0.07
Diatrype bullata,4086,0.802,1787,0.03,0.009,0.079
Lepiota castanea,2347,0.749,1881,0.03,0.014,0.06
Russula versicolor,1768,0.638,1931,0.03,0.012,0.067
Russula violeipes,2250,0.814,1876,0.03,0.014,0.061
Wilcoxina rehmii,641,0.914,1985,0.03,0.012,0.069
Russula parvovirescens,413,1,2006,0.03,0.012,0.071
Hygrophorus agathosmus,3821,0.708,1815,0.03,0.01,0.071
Laccaria tetraspora,1434,0.673,1947,0.03,0.012,0.069
Clavulina cinerea,4633,0.673,1788,0.03,0.008,0.084
Entoloma sericellum,3895,0.791,1796,0.031,0.009,0.077
Inocybe lacera,4247,0.577,1821,0.031,0.01,0.075
Cortinarius cinnamomeus,5648,0.647,1753,0.031,0.006,0.109
Lactifluus volemus,5339,0.656,1763,0.031,0.006,0.101
Mutinus elegans,2206,0.944,1856,0.031,0.014,0.063
Skeletocutis nivea,3330,0.692,1839,0.031,0.012,0.065
Agrocybe pediades,4426,0.703,1789,0.031,0.009,0.084
Legaliana badia,5104,0.564,1790,0.031,0.008,0.09
Gliophorus irrigatus,3479,0.86,1801,0.031,0.01,0.075
Entoloma corvinum,981,0.873,1954,0.031,0.013,0.067
Leccinum holopus,3303,0.814,1818,0.031,0.011,0.07
Caloboletus calopus,4451,0.769,1774,0.031,0.008,0.089
Tricholoma viridilutescens,831,0.792,1978,0.031,0.012,0.072
Cuphophyllus russocoriaceus,2479,0.887,1848,0.031,0.014,0.064
Armillaria gallica,1871,0.877,1886,0.031,0.014,0.063
Parasola plicatilis,4172,0.761,1787,0.031,0.009,0.083
Conocybe aporos,1063,0.69,1970,0.031,0.012,0.074
Pholiota flammans,4323,0.743,1783,0.031,0.008,0.086
Russula sanguinea,4139,0.794,1781,0.032,0.009,0.085
Tricholoma portentosum,3746,0.672,1821,0.032,0.011,0.072
Protostropharia alcis,547,0.868,1999,0.032,0.012,0.073
Cortinarius camphoratus,4321,0.786,1774,0.032,0.008,0.09
Humaria hemisphaerica,4724,0.667,1780,0.032,0.008,0.092
Agaricus urinascens,1525,0.664,1938,0.032,0.013,0.07
Tricholoma inamoenum,3567,0.746,1815,0.032,0.011,0.073
Russula atrorubens,2147,0.677,1898,0.032,0.014,0.065
Russula rosea,4213,0.69,1796,0.032,0.009,0.083
Cortinarius umbrinolens,758,0.81,1980,0.032,0.013,0.074
Hydnellum suaveolens,4338,0.778,1772,0.033,0.008,0.093
Hebeloma incarnatulum,935,0.644,1984,0.033,0.012,0.081
Suillus americanus,2457,0.629,1887,0.033,0.014,0.067
Phlegmacium percome,2686,0.851,1838,0.033,0.014,0.067
Tricholoma ustale,3305,0.781,1818,0.033,0.012,0.073
Mycena metata,3730,0.758,1801,0.033,0.011,0.08
Trichoderma gelatinosum,447,0.931,2003,0.033,0.013,0.075
Cortinarius infractus,3591,0.793,1800,0.033,0.011,0.081
Poriella subacida,3383,0.37,1885,0.033,0.012,0.084
Ganoderma adspersum,2066,0.809,1878,0.033,0.016,0.066
Conocybe apala,3205,0.797,1818,0.033,0.012,0.074
Entoloma vernum,1477,0.664,1937,0.033,0.014,0.072
Parasola leiocephala,861,0.798,1969,0.033,0.013,0.074
Pluteus salicinus,3708,0.767,1798,0.034,0.011,0.082
Cystoderma jasonis,1943,0.784,1888,0.034,0.016,0.066
Pluteus pouzarianus,608,0.9,1983,0.034,0.014,0.075
Pluteus romellii,2806,0.793,1838,0.034,0.014,0.069
Lycoperdon nigrescens,3889,0.741,1794,0.034,0.01,0.085
Cerioporus leptocephalus,4351,0.716,1778,0.034,0.009,0.095
Clavulinopsis laeticolor,2401,0.738,1868,0.034,0.016,0.067
Pleurotus citrinopileatus,918,0.949,1943,0.034,0.015,0.071
Psilocybe semilanceata,3370,0.739,1818,0.034,0.012,0.076
Sistotrema brinkmannii,2396,0.52,1903,0.034,0.014,0.077
Hygrocybe helobia,1336,0.897,1913,0.034,0.016,0.067
Phlegmacium balteatocumatile,973,0.826,1953,0.034,0.015,0.073
Cortinarius venetus,2969,0.853,1818,0.034,0.013,0.075
Hygrophorus pustulatus,3650,0.752,1801,0.034,0.011,0.083
Mycena crocata,3392,0.861,1794,0.034,0.011,0.084
Trichoderma pulvinatum,2212,0.774,1870,0.035,0.017,0.068
Eutypella sorbi,3079,0.875,1805,0.035,0.013,0.082
Scytinostroma portentosum,2466,0.667,1873,0.035,0.016,0.07
Macrolepiota mastoidea,3377,0.798,1803,0.035,0.012,0.083
Ductifera pululahuana,1675,0.846,1893,0.035,0.017,0.069
Suillus caerulescens,902,0.774,1964,0.035,0.015,0.077
Hyphoderma setigerum,4514,0.43,1822,0.035,0.011,0.093
Entocybe nitida,2030,0.758,1883,0.035,0.017,0.068
Skeletocutis stellae,1239,0.642,1953,0.035,0.014,0.079
Mycena arcangeliana,1764,0.829,1889,0.035,0.017,0.069
Trichoderma harzianum,2044,0.446,1930,0.035,0.013,0.087
Auricularia cornea,2566,0.947,1820,0.036,0.014,0.078
Russula badia,1984,0.782,1881,0.036,0.017,0.069
Hygrocybe ingrata,906,0.911,1945,0.036,0.016,0.074
Lactarius fuliginosus,3552,0.644,1821,0.036,0.013,0.081
Clitocybe rivulosa,3980,0.649,1801,0.036,0.011,0.089
Radulomyces confluens,4056,0.549,1815,0.036,0.012,0.089
Osteina undosa,1789,0.84,1883,0.036,0.017,0.07
Junghuhnia nitida,4015,0.636,1800,0.036,0.011,0.091
Geoglossum umbratile,1964,0.795,1878,0.037,0.017,0.071
Xylodon brevisetus,2524,0.544,1886,0.037,0.015,0.078
Galerina clavata,1574,0.673,1921,0.037,0.016,0.075
Mycena acicula,3868,0.807,1774,0.037,0.01,0.099
Pleurocybella porrigens,3740,0.716,1796,0.037,0.012,0.091
Peniophora limitata,3370,0.784,1801,0.037,0.013,0.087
Athelia arachnoidea,2716,0.729,1844,0.037,0.016,0.073
Cortinarius evernius,3267,0.718,1818,0.037,0.014,0.081
Mutinus caninus,3966,0.757,1778,0.037,0.01,0.099
Antrodiella pallescens,1510,0.77,1911,0.037,0.017,0.072
Steccherinum fimbriatum,3973,0.657,1796,0.037,0.011,0.094
Abortiporus biennis,4225,0.724,1772,0.037,0.01,0.105
Crustoderma corneum,1086,0.889,1928,0.037,0.017,0.074
Diatrypella quercina,3456,0.791,1794,0.037,0.012,0.09
Agrocybe rivulosa,351,0.997,2003,0.037,0.015,0.083
Cortinarius malicorius,2921,0.693,1838,0.037,0.015,0.076
Encoelia furfuracea,3539,0.733,1800,0.038,0.012,0.089
Trametes pubescens,4796,0.475,1794,0.038,0.01,0.109
Morchella rufobrunnea,405,0.951,1998,0.038,0.016,0.083
Mycena rubromarginata,3068,0.777,1815,0.038,0.014,0.084
Flammula alnicola,3892,0.68,1792,0.038,0.011,0.098
Cortinarius alboviolaceus,3766,0.663,1801,0.038,0.012,0.092
Lachnum virgineum,4530,0.584,1783,0.038,0.01,0.108
Lactarius hepaticus,1472,0.813,1905,0.038,0.018,0.073
Gymnopus brassicolens,1031,0.849,1936,0.038,0.017,0.077
Cortinarius sommerfeltii,849,0.608,1984,0.038,0.014,0.093
Neolentinus lepideus,4442,0.647,1774,0.038,0.009,0.109
Steccherinum robustius,778,0.911,1953,0.038,0.017,0.079
Cortinarius vernus,624,0.841,1979,0.038,0.016,0.083
Entoloma medianox,280,1,2015,0.038,0.016,0.085
Diatrype disciformis,4092,0.657,1787,0.038,0.011,0.101
Tricholoma virgatum,3398,0.654,1818,0.039,0.014,0.086
Laurilia sulcata,1957,0.609,1902,0.039,0.017,0.078
Pleurotus dryinus,3433,0.741,1800,0.039,0.013,0.091
Paxillus rubicundulus,757,0.793,1969,0.039,0.016,0.082
Amanita bisporigera,1512,0.775,1906,0.039,0.019,0.074
Russula pectinatoides,1686,0.683,1907,0.039,0.018,0.077
Hebeloma sinapizans,3677,0.735,1789,0.039,0.012,0.098
Hygrophorus eburneus,4050,0.688,1780,0.039,0.011,0.106
Lactarius mammosus,2859,0.683,1838,0.039,0.016,0.079
Inocybe asterospora,2243,0.633,1880,0.039,0.018,0.077
Entoloma hebes,897,0.789,1954,0.039,0.017,0.081
Cerrena hydnoides,4045,0.647,1788,0.039,0.011,0.103
Tylopilus rubrobrunneus,764,0.793,1967,0.039,0.017,0.083
Hypoxylon rubiginosum,4670,0.437,1801,0.039,0.011,0.111
Entoloma cetratum,3322,0.663,1818,0.039,0.014,0.087
Mycena clarkeana,370,0.986,1997,0.04,0.017,0.086
Scleroderma verrucosum,3992,0.636,1791,0.04,0.012,0.102
Boletus rubriceps,273,1,2014,0.04,0.016,0.087
Cortinarius varius,3502,0.852,1774,0.04,0.011,0.106
Calcipostia guttulata,1946,0.772,1874,0.04,0.02,0.076
Russula aurea,3579,0.779,1783,0.04,0.012,0.101
Lactarius leonis,543,0.856,1984,0.04,0.017,0.086
Clitocybe phyllophila,3745,0.641,1800,0.04,0.013,0.098
Corticium roseum,3733,0.672,1794,0.04,0.012,0.101
Pseudoinonotus dryadeus,3076,0.818,1800,0.04,0.014,0.093
Rhodofomes cajanderi,2204,0.471,1904,0.041,0.017,0.091
Pholiota lenta,3516,0.682,1801,0.041,0.013,0.097
Lactarius aquizonatus,598,0.784,1984,0.041,0.017,0.088
Junghuhnia collabens,1938,0.76,1874,0.041,0.02,0.078
Coniophora puteana,4119,0.532,1801,0.041,0.012,0.105
Hortiboletus rubellus,3399,0.709,1801,0.041,0.014,0.096
Crepidotus calolepis,1910,0.776,1873,0.041,0.02,0.077
Daedaleopsis tricolor,3103,0.846,1792,0.041,0.014,0.098
Tyromyces chioneus,4069,0.542,1801,0.041,0.012,0.104
Cantharellus amethysteus,1657,0.824,1883,0.041,0.02,0.078
Typhula fistulosa,3226,0.818,1790,0.041,0.013,0.099
Daldinia petriniae,591,0.673,1997,0.042,0.016,0.097
Inocybe nitidiuscula,1847,0.68,1891,0.042,0.02,0.079
Nemania serpens,3902,0.65,1787,0.042,0.012,0.108
Lepista personata,2999,0.721,1818,0.042,0.016,0.089
Peniophora cinerea,4661,0.44,1794,0.042,0.011,0.119
Cortinarius collinitus,3638,0.666,1796,0.042,0.013,0.102
Geastrum pectinatum,3321,0.72,1801,0.042,0.014,0.097
Tricholoma ustaloides,904,0.742,1954,0.042,0.018,0.087
Biscogniauxia repanda,2655,0.845,1815,0.042,0.017,0.09
Marasmius bulliardii,1694,0.829,1878,0.042,0.021,0.079
Cortinarius hemitrichus,3465,0.676,1801,0.042,0.014,0.099
Lactarius semisanguifluus,990,0.701,1950,0.043,0.019,0.088
Lepiota subincarnata,916,0.836,1940,0.043,0.02,0.085
Phellinus robiniae,1422,0.786,1903,0.043,0.021,0.08
Cortinarius obtusus,3201,0.63,1821,0.043,0.016,0.093
Bovista nigrescens,4090,0.554,1794,0.043,0.012,0.111
Cortinarius flexipes,3212,0.734,1801,0.043,0.015,0.099
Inosperma cookei,1827,0.662,1892,0.043,0.021,0.082
Pholiota gummosa,2616,0.763,1828,0.043,0.018,0.088
Inocybe fuscidula,1327,0.709,1920,0.043,0.02,0.084
Clavaria zollingeri,2059,0.861,1846,0.043,0.02,0.083
Steccherinum bourdotii,479,0.854,1988,0.043,0.018,0.092
Cortinarius largus,2342,0.799,1838,0.043,0.02,0.084
Pleurotus populinus,383,0.945,1993,0.043,0.019,0.092
Leptosphaeria acuta,2996,0.735,1811,0.044,0.016,0.095
Connopus acervatus,3223,0.608,1821,0.044,0.016,0.096
Crepidotus caspari,1319,0.66,1926,0.044,0.02,0.087
Stropharia hornemannii,3354,0.682,1801,0.044,0.015,0.102
Rhytisma americanum,322,0.997,1998,0.044,0.019,0.094
Clavulinopsis fusiformis,3217,0.73,1799,0.044,0.015,0.102
Xylodon flaviporus,1937,0.642,1886,0.044,0.021,0.084
Marasmius wettsteinii,1482,0.847,1887,0.044,0.022,0.082
Mycena viridimarginata,1522,0.787,1892,0.044,0.022,0.082
Galerina atkinsoniana,938,0.691,1953,0.044,0.019,0.092
Tricholoma imbricatum,3073,0.678,1815,0.044,0.017,0.096
Crepidotus variabilis,3447,0.69,1794,0.044,0.014,0.107
Resiniporus resinascens,1432,0.698,1911,0.044,0.021,0.085
Russula nana,1193,0.627,1939,0.044,0.019,0.092
Neohygrocybe nitrata,2846,0.825,1801,0.045,0.016,0.1
Sparassis americana,252,0.984,2013,0.045,0.019,0.095
Lepista sordida,2966,0.769,1803,0.045,0.016,0.101
Craterellus undulatus,3237,0.763,1790,0.045,0.015,0.106
Mycena silvae-nigrae,473,0.844,1987,0.045,0.02,0.095
Cortinarius laniger,2400,0.748,1838,0.045,0.02,0.087
Mycena olivaceomarginata,1492,0.801,1890,0.045,0.023,0.084
Tubaria conspersa,2973,0.77,1800,0.046,0.017,0.104
Penttilamyces romellii,701,0.662,1978,0.046,0.019,0.101
Phellodon fuligineoalbus,2607,0.793,1817,0.046,0.019,0.097
Russula firmula,1021,0.705,1940,0.046,0.021,0.092
Phlegmacium glaucopus,3563,0.743,1774,0.046,0.013,0.12
Amanita ceciliae,2260,0.685,1854,0.046,0.022,0.088
Russula pelargonia,914,0.771,1941,0.047,0.022,0.091
Antrodia heteromorpha,3443,0.542,1815,0.047,0.016,0.108
Suillus cavipes,2857,0.593,1835,0.047,0.019,0.096
Mensularia nodulosa,2253,0.782,1838,0.047,0.021,0.09
Hygrocybe singeri,583,0.971,1954,0.047,0.022,0.095
Naucoria escharioides,2874,0.684,1818,0.047,0.018,0.099
Russula graveolens,1539,0.809,1882,0.047,0.024,0.086
Hypoxylon howeanum,2127,0.687,1860,0.047,0.023,0.089
Climacodon septentrionalis,2785,0.694,1821,0.047,0.019,0.098
Cortinarius caesiocanescens,641,0.92,1952,0.047,0.022,0.093
Xerocomus ferrugineus,3102,0.923,1763,0.048,0.013,0.13
Morchella snyderi,239,0.987,2012,0.048,0.021,0.1
Cortinarius subbalaustinus,500,0.74,1991,0.048,0.02,0.102
Suillus spraguei,1933,0.682,1872,0.048,0.024,0.088
Inonotus hispidus,3688,0.703,1772,0.048,0.013,0.127
Panus conchatus,3617,0.709,1774,0.048,0.014,0.125
Auricularia angiospermarum,231,0.97,2015,0.048,0.021,0.1
Atheliachaete sanguinea,2925,0.596,1828,0.048,0.019,0.101
Radulomyces copelandii,958,0.927,1914,0.048,0.024,0.091
Leptoporus mollis,2808,0.819,1796,0.048,0.017,0.109
Armillaria cepistipes,1028,0.828,1920,0.048,0.024,0.089
Neoboletus praestigiator,952,0.86,1923,0.048,0.024,0.09
Inocybe sindonia,2327,0.734,1838,0.049,0.022,0.092
Entoloma lividocyanulum,723,0.804,1954,0.049,0.022,0.096
Mitrula paludosa,3783,0.647,1775,0.049,0.013,0.13
Entoloma serrulatum,3045,0.777,1789,0.049,0.016,0.113
Cystolepiota seminuda,2396,0.766,1828,0.049,0.021,0.097
Psilocybe cubensis,1187,0.819,1906,0.049,0.025,0.089
Britzelmayria multipedata,1163,0.841,1905,0.049,0.025,0.089
Auricularia americana,409,0.885,1987,0.049,0.022,0.1
Hyphodontia pallidula,1893,0.477,1903,0.049,0.021,0.104
Gymnopus fusipes,3429,0.742,1774,0.049,0.015,0.125
Idriella lunata,589,0.913,1956,0.05,0.023,0.098
Xylaria carpophila,2778,0.802,1796,0.05,0.018,0.113
Hydnellum glaucopus,626,0.752,1969,0.051,0.022,0.102
Russula virescens,3529,0.7,1774,0.051,0.015,0.13
Tulasnella violea,1816,0.625,1883,0.051,0.025,0.095
Mycena filopes,3159,0.723,1788,0.051,0.017,0.12
Pholiota populnea,2214,0.811,1828,0.051,0.023,0.099
Calonarius aureofulvus,704,0.811,1952,0.051,0.024,0.099
Ganoderma curtisii,2051,0.741,1849,0.051,0.025,0.094
Ileodictyon cibarium,1632,0.965,1844,0.051,0.024,0.101
Lepiota clypeolaria,3924,0.599,1772,0.051,0.013,0.141
Russula faginea,625,0.762,1967,0.051,0.023,0.102
Hygrocybe calciphila,436,0.906,1977,0.051,0.023,0.102
Gomphus clavatus,3174,0.751,1781,0.051,0.016,0.124
Hebeloma sacchariolens,1669,0.702,1880,0.052,0.026,0.093
Agaricus moelleri,1161,0.772,1910,0.052,0.026,0.093
Scleroderma bovista,2563,0.664,1829,0.052,0.022,0.103
Russula silvestris,1051,0.735,1924,0.052,0.025,0.096
Hyphodontia alutaria,1280,0.576,1926,0.052,0.023,0.105
Collybia cirrhata,3312,0.671,1786,0.052,0.017,0.127
Onnia tomentosa,2760,0.638,1821,0.052,0.021,0.108
Leucoagaricus americanus,1693,0.731,1872,0.053,0.027,0.095
Amanita parcivolvata,1096,0.879,1900,0.053,0.027,0.095
Russula pseudointegra,1167,0.777,1907,0.053,0.027,0.094
Porphyrellus porphyrosporus,2111,0.786,1835,0.053,0.024,0.1
Kurtia argillacea,1650,0.573,1898,0.053,0.025,0.101
Entoloma abortivum,1862,0.735,1859,0.053,0.027,0.096
Cortinarius casimirii,948,0.823,1921,0.053,0.026,0.096
Thaxterogaster vibratilis,2530,0.709,1821,0.053,0.022,0.106
Armillaria sinapina,363,0.901,1988,0.053,0.024,0.106
Mycena flavescens,956,0.823,1920,0.053,0.027,0.096
Gymnopus androsaceus,4102,0.632,1753,0.053,0.012,0.162
Tricholoma focale,2012,0.801,1838,0.053,0.025,0.1
Macrocystidia cucumis,2867,0.736,1796,0.053,0.019,0.119
Lactifluus piperatus,4252,0.591,1753,0.054,0.012,0.166
Hygrophorus camarophyllus,3354,0.722,1772,0.054,0.016,0.136
Daldinia childiae,525,0.566,1999,0.054,0.021,0.126
Mycena aetites,1972,0.814,1838,0.054,0.025,0.1
Bjerkandera fumosa,4010,0.557,1770,0.054,0.014,0.15
Leratiomyces percevalii,1222,0.931,1879,0.054,0.028,0.099
Botryobasidium vagum,2727,0.312,1873,0.054,0.02,0.127
Xenasmatella vaga,2910,0.586,1818,0.054,0.021,0.115
Diplomitoporus crustulinus,1096,0.669,1925,0.054,0.026,0.103
Gyroporus castaneus,3277,0.648,1788,0.054,0.017,0.13
Amphinema byssoides,3635,0.474,1801,0.054,0.017,0.135
Marasmius wynneae,2255,0.707,1835,0.055,0.025,0.104
Cortinarius persplendidus,421,0.834,1983,0.055,0.025,0.108
Inosperma maculatum,1664,0.633,1885,0.055,0.028,0.099
Ramaria brunneicontusa,311,0.968,1989,0.055,0.025,0.11
Hydnellum geogenium,1815,0.783,1852,0.055,0.027,0.099
Lactarius pallidus,2779,0.742,1797,0.055,0.02,0.121
Hypoxylon macrocarpum,425,0.868,1978,0.055,0.026,0.108
Scopuloides rimosa,1443,0.766,1881,0.055,0.029,0.099
Mutinus ravenelii,1547,0.899,1853,0.056,0.028,0.103
Cystinarius rubicundulus,1259,0.788,1893,0.056,0.029,0.099
Xylodon nesporii,1115,0.679,1920,0.056,0.027,0.103
Gymnosporangium clavariiforme,4590,0.489,1753,0.056,0.012,0.18
Mollisia cinerea,3536,0.585,1783,0.056,0.017,0.141
Lentaria byssiseda,724,0.749,1950,0.056,0.027,0.106
Lactarius evosmus,655,0.791,1953,0.056,0.027,0.107
Mycena subgalericulata,690,0.938,1931,0.056,0.028,0.105
Amanita pachycolea,403,0.854,1982,0.056,0.026,0.111
Calonarius sulfurinus,1136,0.925,1884,0.056,0.029,0.103
Bondarzewia berkeleyi,1783,0.787,1851,0.056,0.028,0.101
Galerina paludosa,2372,0.623,1838,0.057,0.025,0.11
Leccinum piceinum,410,0.907,1974,0.057,0.027,0.111
Gloeoporus pannocinctus,1274,0.63,1911,0.057,0.028,0.106
Coniophora arida,2974,0.473,1828,0.057,0.022,0.125
Russula brunneoviolacea,930,0.716,1930,0.057,0.028,0.106
Tubulicrinis subulatus,1639,0.421,1913,0.057,0.024,0.125
Cortinarius elatior,2217,0.67,1838,0.058,0.027,0.109
Pluteus exilis,287,0.986,1989,0.058,0.027,0.114
Psilocybe cyanescens,653,0.833,1946,0.058,0.029,0.108
Phlebiopsis gigantea,3467,0.52,1794,0.058,0.018,0.142
Mycena cinerella,1496,0.73,1878,0.058,0.031,0.102
Cuphophyllus fornicatus,1827,0.834,1838,0.058,0.028,0.107
Cortinarius fervidus,579,0.758,1964,0.058,0.027,0.111
Cortinarius gentilis,3011,0.603,1801,0.059,0.021,0.132
Inocybe flocculosa,2303,0.638,1836,0.059,0.026,0.112
Paragalactinia succosa,2245,0.627,1841,0.059,0.027,0.112
Morchella diminutiva,195,0.964,2013,0.059,0.027,0.116
Russula luteotacta,1004,0.705,1922,0.059,0.029,0.107
Melanoleuca cognata,1653,0.665,1874,0.059,0.031,0.104
Rhytisma salicinum,4077,0.349,1794,0.059,0.016,0.162
Panaeolus acuminatus,2951,0.776,1774,0.059,0.019,0.144
Mycena meliigena,1184,0.907,1878,0.059,0.031,0.106
Mycena purpureofusca,1611,0.802,1857,0.059,0.031,0.105
Coprinopsis acuminata,732,0.695,1951,0.059,0.028,0.114
Tapinella panuoides,3187,0.589,1793,0.059,0.02,0.139
Helvella macropus,3480,0.586,1778,0.06,0.017,0.151
Pachykytospora tuberculosa,2098,0.838,1815,0.06,0.026,0.12
Scytinostroma hemidichophyticum,474,0.852,1966,0.06,0.029,0.114
Peniophora rufa,2524,0.588,1828,0.06,0.025,0.121
Clavaria amoenoides,489,0.916,1956,0.061,0.03,0.114
Collybia tuberosa,3299,0.584,1786,0.061,0.019,0.147
Geastrum striatum,2709,0.656,1805,0.061,0.023,0.13
Mycena pelianthina,2671,0.771,1788,0.061,0.022,0.134
Entoloma papillatum,1184,0.825,1887,0.061,0.032,0.106
Trichoderma virens,702,0.65,1958,0.061,0.028,0.121
Leucopaxillus gentianeus,1425,0.774,1873,0.061,0.032,0.107
Hypholoma radicosum,1161,0.57,1923,0.061,0.029,0.117
Phellodon violascens,2409,0.764,1805,0.061,0.025,0.127
Cytidia salicina,2802,0.527,1821,0.061,0.024,0.131
Cortinarius salor,1692,0.865,1838,0.061,0.03,0.113
Cyathus olla,3335,0.583,1783,0.061,0.019,0.15
Cortinarius sanguineus,3103,0.715,1772,0.061,0.019,0.15
Russula cerolens,411,0.878,1972,0.061,0.03,0.116
Trichoderma longibrachiatum,658,0.597,1969,0.062,0.027,0.128
Craterellus ignicolor,437,0.808,1975,0.062,0.029,0.118
Verpa bohemica,2130,0.724,1828,0.062,0.028,0.117
Cortinarius agathosmus,371,0.782,1989,0.062,0.029,0.12
Russula aurora,1798,0.761,1845,0.062,0.031,0.111
Annulohypoxylon thouarsianum,1661,0.822,1846,0.062,0.031,0.111
Calonarius olearioides,558,0.776,1960,0.062,0.03,0.117
Cortinarius variecolor,2315,0.813,1801,0.062,0.025,0.13
Cortinarius suberi,288,0.924,1990,0.062,0.03,0.121
Russula albonigra,1919,0.699,1845,0.062,0.031,0.113
Russula clavipes,789,0.863,1920,0.063,0.033,0.111
Cyanoboletus pulverulentus,1960,0.738,1836,0.063,0.03,0.114
Geastrum saccatum,2399,0.602,1829,0.063,0.027,0.123
Cudonia circinans,2875,0.647,1794,0.063,0.022,0.14
Galerina calyptrata,892,0.454,1960,0.063,0.025,0.142
Subulicystidium longisporum,1543,0.544,1894,0.063,0.031,0.118
Peziza varia,2617,0.762,1789,0.063,0.023,0.138
Clitocybe vibecina,2451,0.648,1818,0.063,0.026,0.126
Coprinopsis variegata,1089,0.972,1873,0.063,0.033,0.115
Neolentinus ponderosus,479,0.823,1965,0.063,0.031,0.118
Suillellus queletii,1325,0.721,1885,0.063,0.034,0.109
Trichoglossum hirsutum,3030,0.573,1797,0.063,0.022,0.144
Serpula himantioides,2416,0.754,1802,0.063,0.025,0.133
Resinicium bicolor,2951,0.547,1805,0.063,0.023,0.141
Pholiota aurivella,2546,0.801,1786,0.064,0.023,0.142
Amanita rhacopus,155,0.994,2018,0.064,0.029,0.124
Lachnellula occidentalis,1029,0.546,1934,0.064,0.029,0.126
Dumontinia tuberosa,2915,0.652,1789,0.064,0.022,0.145
Tuber anniae,246,0.939,1997,0.064,0.03,0.123
Hypoxylon vogesiacum,1439,0.902,1849,0.064,0.033,0.117
Simocybe sumptuosa,463,0.883,1960,0.064,0.032,0.119
Flammulina fennae,359,0.836,1983,0.064,0.031,0.123
Entoloma prunuloides,1896,0.845,1821,0.065,0.029,0.125
Paxillus obscurisporus,212,1,1999,0.065,0.031,0.125
Cortinarius olivaceofuscus,738,0.808,1930,0.065,0.033,0.115
Coprinopsis romagnesiana,507,0.893,1951,0.065,0.033,0.119
Cortinarius hinnuleus,2564,0.701,1799,0.065,0.025,0.137
Trametes trogii,1809,0.69,1850,0.065,0.033,0.115
Geastrum quadrifidum,2704,0.679,1794,0.065,0.024,0.142
Trechispora farinacea,3284,0.453,1801,0.065,0.022,0.157
Botryobasidium laeve,692,0.617,1958,0.065,0.03,0.129
Cortinarius subtortus,2395,0.744,1801,0.066,0.026,0.137
Russula caerulea,2241,0.805,1801,0.066,0.027,0.136
Entoloma mougeotii,1232,0.834,1873,0.067,0.036,0.115
Cortinarius pholideus,2486,0.608,1816,0.067,0.027,0.136
Retiboletus ornatipes,1297,0.754,1878,0.067,0.036,0.115
Ganoderma brownii,707,0.939,1915,0.067,0.035,0.12
Cortinarius mucosus,2683,0.676,1792,0.068,0.025,0.147
Marasmius epiphyllus,2684,0.621,1801,0.068,0.025,0.146
Cystodermella granulosa,3077,0.597,1783,0.068,0.022,0.16
Thaxterogaster purpurascens,2169,0.714,1818,0.068,0.03,0.132
Rhizopogon roseolus,2807,0.399,1831,0.068,0.026,0.147
Lycoperdon molle,2806,0.58,1800,0.068,0.024,0.149
Amanita velosa,910,0.898,1895,0.068,0.037,0.119
Hymenochaete carpatica,659,0.856,1930,0.068,0.036,0.12
Polyporus lipsiensis,2279,0.857,1786,0.069,0.026,0.151
Xylodon asper,1790,0.502,1874,0.069,0.033,0.13
Cyptotrama asprata,1557,0.804,1847,0.069,0.035,0.121
Amanita constricta,313,0.885,1982,0.069,0.034,0.129
Clavariadelphus pistillaris,3461,0.638,1753,0.069,0.018,0.193
Merismodes anomala,2971,0.542,1796,0.069,0.024,0.158
Tricholoma atrosquamosum,1889,0.701,1837,0.069,0.034,0.125
Hymenoscyphus fructigenus,2846,0.645,1785,0.069,0.024,0.157
Mycena maculata,1211,0.7,1890,0.069,0.037,0.117
Inosperma bongardii,1857,0.72,1836,0.069,0.034,0.125
Sebacina schweinitzii,1839,0.754,1832,0.07,0.034,0.126
Aspropaxillus giganteus,2373,0.724,1800,0.07,0.028,0.143
Hericium cirrhatum,2417,0.744,1794,0.07,0.027,0.146
Thaxterogaster multiformis,2673,0.677,1789,0.07,0.025,0.153
Ganoderma oregonense,876,0.811,1908,0.07,0.038,0.119
Boletopsis leucomelaena,2261,0.76,1801,0.07,0.029,0.143
Stropharia caerulea,2179,0.873,1788,0.07,0.027,0.153
Mycena crocea,256,0.91,1991,0.071,0.035,0.132
Ganoderma australe,2470,0.513,1827,0.071,0.03,0.142
Caloscypha fulgens,2053,0.707,1822,0.071,0.033,0.135
Rigidoporus sanguinolentus,2520,0.623,1805,0.071,0.028,0.148
Tricholoma pessundatum,2148,0.673,1821,0.071,0.032,0.136
Lepista irina,1905,0.668,1838,0.071,0.035,0.129
Ramaria largentii,384,0.807,1974,0.071,0.036,0.131
Volvariella bombycina,2515,0.811,1774,0.071,0.024,0.166
Typhula juncea,2303,0.793,1791,0.071,0.028,0.151
Entoloma griseocyaneum,1750,0.85,1821,0.072,0.034,0.137
Roridomyces roridus,2115,0.718,1815,0.072,0.032,0.139
Conocybe subpubescens,508,0.746,1960,0.072,0.036,0.131
Tremella hypogymniae,297,0.754,1996,0.072,0.035,0.137
Mycena capillaripes,1079,0.783,1888,0.072,0.04,0.121
Russula heterophylla,2328,0.715,1801,0.072,0.029,0.147
Discina montana,373,0.828,1973,0.072,0.036,0.132
Cookeina tricholoma,1749,0.759,1834,0.072,0.036,0.13
Rhizopogon vinicolor,606,0.573,1966,0.072,0.033,0.145
Microporus xanthopus,2201,0.656,1818,0.073,0.032,0.14
Hygrocybe citrinovirens,725,0.806,1923,0.073,0.039,0.124
Lepista glaucocana,1241,0.715,1881,0.073,0.04,0.122
Calocybe carnea,2341,0.759,1792,0.073,0.028,0.152
Macrocybe titans,275,0.953,1980,0.073,0.036,0.135
Russula viscida,913,0.735,1910,0.073,0.04,0.123
Leccinum duriusculum,1170,0.813,1874,0.073,0.04,0.124
Russula turci,1228,0.713,1882,0.073,0.04,0.122
Clitopilus hobsonii,1434,0.745,1860,0.073,0.04,0.124
Agaricus semotus,1580,0.64,1863,0.073,0.039,0.127
Clitocybe phaeophthalma,1692,0.82,1828,0.073,0.035,0.134
Neobulgaria pura,2167,0.803,1796,0.073,0.03,0.151
Descolea alba,377,0.398,2017,0.073,0.026,0.187
Amylostereum laevigatum,2066,0.64,1828,0.074,0.034,0.138
Tylopilus plumbeoviolaceus,685,0.688,1941,0.074,0.038,0.131
Lycoperdon lividum,2444,0.718,1790,0.074,0.028,0.156
Cortinarius solis-occasus,244,0.959,1986,0.074,0.037,0.137
Plicatura nivea,2157,0.598,1828,0.074,0.033,0.14
Marasmius cohaerens,2262,0.698,1805,0.074,0.031,0.148
Tricholoma album,2778,0.69,1774,0.074,0.024,0.173
Pyrrhulomyces astragalinus,2102,0.662,1821,0.075,0.033,0.142
Xylobolus illudens,1511,0.79,1845,0.075,0.039,0.129
Sphagnurus paluster,1441,0.64,1872,0.075,0.041,0.129
Clavariadelphus occidentalis,318,0.755,1989,0.075,0.037,0.14
Galerina vittiformis,2652,0.655,1786,0.075,0.027,0.166
Cuphophyllus colemannianus,1313,0.843,1854,0.075,0.041,0.13
Pseudoboletus parasiticus,2348,0.748,1790,0.075,0.029,0.158
Hymenopellis furfuracea,1084,0.712,1893,0.075,0.041,0.126
Clavariadelphus ligula,3009,0.598,1774,0.076,0.024,0.183
Cortinarius clarobrunneus,209,0.981,1992,0.076,0.038,0.14
Dermoloma pseudocuneifolium,299,0.816,1986,0.076,0.038,0.139
Mycena niveipes,960,0.625,1916,0.076,0.04,0.133
Lentinellus ursinus,1909,0.737,1821,0.076,0.036,0.142
Peniophora lycii,2168,0.613,1822,0.076,0.034,0.146
Lactarius picinus,1600,0.777,1838,0.076,0.039,0.134
Lactarius spinosulus,1301,0.653,1880,0.077,0.042,0.129
Psilocybe coronilla,2347,0.724,1792,0.077,0.03,0.159
Melanoleuca strictipes,1369,0.597,1882,0.077,0.041,0.132
Russula intermedia,1234,0.635,1888,0.077,0.042,0.13
Lentaria epichnoa,988,0.916,1874,0.077,0.042,0.132
Hygrophorus discoideus,2111,0.764,1801,0.077,0.032,0.154
Stropharia cyanea,2232,0.817,1784,0.077,0.029,0.167
Asterophora lycoperdoides,2663,0.647,1784,0.077,0.027,0.171
Piloderma bicolor,1799,0.708,1832,0.077,0.038,0.139
Scutellinia subhirtella,444,0.691,1971,0.077,0.038,0.144
Jackrogersella cohaerens,2560,0.624,1794,0.077,0.029,0.166
Lactarius citriolens,499,0.641,1968,0.077,0.037,0.146
Botrytis cinerea,3343,0.325,1801,0.077,0.024,0.193
Ramaria botrytis,2654,0.662,1781,0.078,0.027,0.174
Favolus tenuiculus,2628,0.623,1789,0.078,0.028,0.171
Phylloscypha phyllogena,1295,0.664,1877,0.078,0.044,0.131
Flammulina populicola,217,0.866,1999,0.078,0.039,0.142
Panaeolus semiovatus,3143,0.658,1753,0.078,0.021,0.208
Pseudomerulius aureus,1927,0.749,1815,0.078,0.036,0.148
Inocybe griseolilacina,847,0.692,1917,0.078,0.042,0.133
Entoloma longistriatum,815,0.767,1911,0.079,0.043,0.13
Cortinarius anserinus,630,0.883,1920,0.079,0.043,0.134
Peniophorella pubera,2299,0.501,1828,0.079,0.034,0.155
Hydnum umbilicatum,958,0.711,1902,0.079,0.044,0.131
Mycena megaspora,768,0.628,1933,0.079,0.04,0.141
Hygrocybe intermedia,1062,0.855,1872,0.079,0.044,0.134
Macrophomina phaseolina,1362,0.441,1901,0.079,0.038,0.153
Hygrophorus poetarum,670,0.6,1948,0.079,0.039,0.146
Lactifluus glaucescens,1071,0.635,1900,0.079,0.043,0.134
Trichoderma koningiopsis,272,0.647,2006,0.08,0.036,0.158
Calonarius metarius,572,0.921,1923,0.08,0.043,0.139
Discina ancilis,2232,0.558,1822,0.08,0.035,0.154
Cortinarius torvus,2296,0.682,1798,0.08,0.032,0.162
Gloiothele citrina,2723,0.556,1792,0.08,0.028,0.175
Russula laccata,589,0.621,1955,0.08,0.039,0.149
Ciboria batschiana,1238,0.717,1872,0.081,0.045,0.134
Crepidotus applanatus,2219,0.719,1796,0.081,0.033,0.163
Tricholoma populinum,1297,0.663,1874,0.081,0.045,0.135
Hygrocybe mucronella,1507,0.793,1838,0.081,0.042,0.14
Amanita brunnescens,1019,0.525,1918,0.081,0.04,0.147
Ramariopsis kunzei,1975,0.666,1821,0.081,0.038,0.151
Coprinellus xanthothrix,619,0.7,1941,0.081,0.042,0.141
Ceraceomyces eludens,366,0.533,1998,0.081,0.035,0.172
Cortinarius betulinus,542,0.731,1948,0.081,0.043,0.141
Inocybe petiginosa,1841,0.729,1821,0.081,0.038,0.149
Pseudoplectania nigrella,2638,0.6,1788,0.081,0.029,0.178
Inocybe cincinnata,2748,0.65,1772,0.082,0.027,0.19
Cladosporium herbarum,3352,0.362,1788,0.082,0.024,0.207
Russula farinipes,1115,0.637,1893,0.082,0.046,0.137
Cortinarius cinnamomeoluteus,711,0.494,1953,0.082,0.038,0.162
Cortinarius uliginosus,1535,0.613,1860,0.082,0.044,0.141
Tricholoma sejunctum,2427,0.603,1799,0.082,0.032,0.172
Cortinarius claricolor,1075,0.653,1894,0.082,0.046,0.137
Lyomyces crustosus,2736,0.48,1800,0.083,0.03,0.184
Gloeocystidiellum porosum,1621,0.425,1879,0.083,0.04,0.158
Niveoporofomes spraguei,1534,0.519,1872,0.083,0.043,0.149
Laccaria ochropurpurea,1647,0.644,1845,0.084,0.044,0.145
Russula nitida,2231,0.657,1801,0.084,0.035,0.168
Cortinarius parvannulatus,426,0.808,1955,0.084,0.045,0.145
Ascotremella faginea,928,0.786,1890,0.084,0.048,0.138
Marasmius plicatulus,871,0.781,1897,0.085,0.048,0.138
Peniophora polygonia,2350,0.647,1794,0.085,0.033,0.176
Russula nauseosa,2094,0.712,1801,0.085,0.036,0.166
Gymnopilus picreus,2232,0.67,1798,0.085,0.035,0.17
Pholiota carbonaria,2205,0.553,1818,0.085,0.037,0.166
Lentinellus cochleatus,2491,0.624,1788,0.085,0.031,0.183
Gymnopus ocior,1719,0.799,1815,0.085,0.04,0.159
Lentinellus castoreus,1353,0.852,1838,0.085,0.044,0.15
Mycena tenerrima,1555,0.794,1829,0.085,0.043,0.151
Gyromitra korfii,342,0.807,1970,0.085,0.045,0.149
Urnula padeniana,142,0.923,2012,0.085,0.043,0.152
Inocybe fraudans,1101,0.702,1882,0.085,0.048,0.139
Mycena amicta,1809,0.711,1821,0.085,0.041,0.156
Suillus tomentosus,1093,0.398,1923,0.086,0.039,0.172
Calvatia cyathiformis,2342,0.534,1811,0.086,0.035,0.173
Camarophyllopsis schulzeri,878,0.867,1884,0.086,0.049,0.143
Cortinarius angelesianus,587,0.673,1944,0.086,0.045,0.149
Amanita franchetii,1050,0.743,1881,0.086,0.049,0.14
Skvortzovia furfuracea,1028,0.424,1925,0.086,0.04,0.169
Mycoacia uda,1917,0.652,1821,0.086,0.04,0.159
Glutinoglossum glutinosum,2181,0.691,1796,0.086,0.036,0.172
Leccinum pachyderme,456,0.934,1934,0.087,0.047,0.15
Poronidulus conchifer,2025,0.593,1822,0.087,0.04,0.162
Crinipellis scabella,2239,0.726,1786,0.087,0.034,0.18
Hygrophorus chrysodon,2498,0.602,1789,0.087,0.032,0.186
Collybia cookei,2112,0.687,1801,0.087,0.037,0.17
Phleogena faginea,1832,0.802,1803,0.087,0.039,0.17
Paragalactinia michelii,976,0.715,1891,0.088,0.05,0.142
Inocybe corydalina,1145,0.705,1875,0.088,0.05,0.142
Leccinum melaneum,382,0.893,1951,0.088,0.048,0.152
Hygrocybe lepida,264,0.795,1986,0.088,0.046,0.156
Russula mustelina,1635,0.665,1838,0.088,0.046,0.152
Inocybe hirtella,1054,0.699,1884,0.088,0.05,0.143
Melanoleuca melaleuca,2358,0.566,1801,0.089,0.035,0.182
Lentinus tigrinus,2390,0.668,1782,0.089,0.033,0.191
Russula cavipes,749,0.895,1893,0.089,0.051,0.149
Leucoagaricus nympharum,1119,0.803,1863,0.089,0.051,0.146
Melanoleuca polioleuca,2036,0.773,1790,0.089,0.037,0.181
Tricholoma lascivum,1685,0.745,1821,0.089,0.044,0.162
Trechispora hymenocystis,1078,0.708,1879,0.09,0.052,0.145
Marasmius calhouniae,215,0.884,1989,0.09,0.047,0.158
Panellus pusillus,1623,0.653,1839,0.09,0.046,0.154
Strobilurus trullisatus,627,0.834,1916,0.09,0.05,0.148
Phlebia rufa,2200,0.626,1801,0.09,0.037,0.18
Psathyrella corrugis,2289,0.668,1788,0.09,0.035,0.187
Phlegmacium terpsichores,216,0.88,1989,0.09,0.047,0.158
Hygrocybe conicoides,395,0.77,1960,0.09,0.048,0.155
Russula odorata,477,0.73,1950,0.091,0.049,0.154
Conocybe vexans,463,0.657,1960,0.091,0.047,0.162
Morchella semilibera,2341,0.569,1799,0.091,0.036,0.186
Dacrymyces variisporus,295,0.831,1973,0.091,0.049,0.158
Byssomerulius incarnatus,1421,0.877,1822,0.092,0.044,0.17
Suillus collinitus,1381,0.789,1838,0.092,0.049,0.156
Hygrophorus pudorinus,1728,0.707,1821,0.092,0.045,0.165
Porpolomopsis calyptriformis,1231,0.885,1838,0.092,0.048,0.162
Entoloma tjallingiorum,272,0.79,1982,0.092,0.049,0.16
Exidia saccharina,1821,0.761,1805,0.092,0.042,0.175
Hebeloma sordescens,338,0.586,1989,0.092,0.043,0.178
Panus neostrigosus,2031,0.55,1822,0.092,0.042,0.173
Russula consobrina,1810,0.68,1818,0.092,0.044,0.169
Ramaria formosa,2360,0.611,1790,0.092,0.035,0.192
Tricholoma stans,1033,0.799,1869,0.093,0.054,0.15
Phlegmacium olidum,417,0.94,1935,0.093,0.051,0.161
Coprinopsis nivea,1888,0.744,1801,0.093,0.042,0.179
Eutypa spinosa,1966,0.751,1794,0.094,0.04,0.185
Antrodiella romellii,740,0.6,1926,0.094,0.05,0.16
Amanita nehuta,210,0.848,1991,0.094,0.05,0.163
Lactarius argillaceifolius,334,0.671,1979,0.094,0.048,0.168
Entoloma incanum,1837,0.775,1799,0.095,0.042,0.183
Veluticeps abietina,2390,0.569,1792,0.095,0.036,0.198
Cyathus stercoreus,1982,0.487,1832,0.095,0.044,0.177
Dacryobolus karstenii,1101,0.52,1897,0.095,0.051,0.165
Russula fragrantissima,332,0.783,1967,0.095,0.052,0.162
Leratiomyces erythrocephalus,1118,0.901,1844,0.095,0.051,0.167
Picipes melanopus,2316,0.584,1794,0.095,0.037,0.196
Mycena vulgaris,2107,0.672,1794,0.095,0.04,0.189
Hydnellum fennicum,925,0.769,1882,0.096,0.056,0.153
Agrocybe putaminum,547,0.921,1913,0.096,0.054,0.161
Pluteus petasatus,1344,0.784,1838,0.096,0.051,0.163
Hypholoma elongatum,2222,0.594,1798,0.096,0.038,0.193
Gymnopilus ventricosus,576,0.976,1902,0.096,0.053,0.166
Russula azurea,972,0.725,1882,0.096,0.056,0.153
Naematelia encephala,2117,0.699,1788,0.096,0.039,0.194
Coltricia cinnamomea,2386,0.59,1787,0.096,0.036,0.202
Xeromphalina cauticinalis,1583,0.633,1838,0.097,0.05,0.166
Lepiota pseudolilacea,440,0.768,1947,0.097,0.054,0.161
Rhodophana nitellina,1377,0.753,1838,0.097,0.052,0.163
Psilocybe allenii,116,0.957,2012,0.097,0.051,0.169
Eutypella parasitica,465,0.809,1938,0.097,0.055,0.16
Calvatia booniana,349,0.765,1964,0.097,0.053,0.165
Aleurodiscus disciformis,1835,0.821,1789,0.097,0.041,0.197
Inocybe ochroalba,379,0.652,1970,0.098,0.051,0.173
Irpicodon pendulus,1464,0.928,1805,0.098,0.044,0.192
Mycena corynephora,211,0.9,1983,0.098,0.053,0.169
Athelia decipiens,984,0.502,1908,0.098,0.052,0.173
Mycena citrinomarginata,1109,0.648,1876,0.098,0.058,0.158
Coprinellus domesticus,2044,0.719,1788,0.099,0.04,0.197
Russula subfoetens,955,0.79,1873,0.099,0.059,0.158
Lactarius obscuratus,1659,0.644,1828,0.099,0.05,0.174
Corticium erikssonii,224,0.924,1976,0.099,0.054,0.17
Hemimycena tortuosa,343,0.802,1960,0.099,0.055,0.166
Cyclocybe erebia,2025,0.639,1801,0.099,0.043,0.191
Laxitextum bicolor,2513,0.488,1792,0.099,0.037,0.213
Globulicium hiemale,558,0.656,1939,0.1,0.054,0.167
Nidula niveotomentosa,790,0.741,1898,0.1,0.058,0.158
Pholiota spumosa,2088,0.478,1821,0.1,0.044,0.193
Aphanobasidium pseudotsugae,694,0.607,1926,0.1,0.055,0.168
Amylostereum chailletii,1874,0.567,1822,0.1,0.047,0.184
Lactarius ruginosus,372,0.766,1957,0.101,0.056,0.168
Heteroradulum deglubens,965,0.754,1875,0.101,0.06,0.16
Naucoria scolecina,1411,0.708,1838,0.101,0.054,0.168
Inosperma calamistratum,1620,0.599,1836,0.101,0.052,0.175
Russula decipiens,562,0.71,1931,0.101,0.058,0.164
Thelephora wakefieldiae,1153,0.518,1887,0.101,0.055,0.172
Tylopilus balloui,674,0.734,1912,0.101,0.059,0.161
Cystoderma fallax,688,0.443,1945,0.102,0.048,0.196
Ramaria rasilispora,278,0.788,1974,0.102,0.056,0.171
Coriolopsis gallica,2311,0.578,1788,0.102,0.039,0.211
Entoloma chalybeum,1665,0.817,1799,0.102,0.046,0.197
Inocybe soluta,648,0.693,1920,0.102,0.059,0.164
Cortinarius odhinnii,188,0.883,1989,0.102,0.056,0.175
Phylloporus leucomycelinus,204,0.946,1978,0.102,0.055,0.174
Kneiffia subalutacea,1368,0.398,1883,0.103,0.051,0.189
Physisporinus vitreus,1906,0.707,1796,0.103,0.045,0.197
Hebeloma pusillum,635,0.534,1940,0.103,0.053,0.182
Galerina tibiicystis,737,0.608,1918,0.103,0.058,0.17
Omphalotus subilludens,348,0.908,1945,0.103,0.058,0.172
Inocybe dulcamara,2187,0.558,1798,0.103,0.042,0.205
Gymnopilus sapineus,2211,0.541,1799,0.103,0.042,0.206
Hyphoderma roseocremeum,938,0.531,1905,0.103,0.056,0.175
Leucocoprinus brebissonii,864,0.836,1874,0.103,0.061,0.165
Resupinatus applicatus,2172,0.639,1786,0.104,0.041,0.211
Stereum ochraceoflavum,1698,0.568,1832,0.104,0.052,0.182
Inocybe curvipes,1075,0.542,1889,0.104,0.058,0.173
Cystodermella cinnabarina,1852,0.666,1805,0.104,0.047,0.195
Peziza arvernensis,1127,0.57,1880,0.104,0.06,0.169
Biatoropsis usnearum,633,0.581,1934,0.104,0.056,0.177
Trechispora mollusca,2079,0.588,1800,0.104,0.043,0.205
Phylloporus arenicola,217,0.954,1972,0.104,0.056,0.176
Cantharellus friesii,893,0.817,1872,0.104,0.062,0.166
Calonarius splendens,443,0.788,1939,0.104,0.06,0.17
Hydnoporia corrugata,2285,0.403,1815,0.105,0.043,0.213
Russula maculata,1022,0.658,1878,0.105,0.062,0.165
Ramaria acrisiccescens,290,0.741,1974,0.105,0.058,0.176
Gyroporus cyanescens,2148,0.627,1788,0.105,0.042,0.213
Helvella compressa,392,0.893,1936,0.106,0.06,0.174
Exobasidium rhododendri,952,0.742,1874,0.106,0.063,0.166
Entoloma sinuatum,2041,0.674,1788,0.106,0.043,0.21
Hygrophoropsis rufa,210,0.967,1972,0.106,0.057,0.179
Holwaya mucida,1461,0.784,1818,0.106,0.053,0.188
Ceraceomyces microsporus,161,0.857,1998,0.106,0.058,0.179
Dermoloma cuneifolium,1807,0.82,1783,0.106,0.043,0.215
Thelephora penicillata,1613,0.83,1797,0.107,0.048,0.207
Inocybe whitei,1072,0.668,1870,0.107,0.063,0.168
Trichoderma koningii,959,0.511,1902,0.107,0.059,0.182
Lactarius vinaceorufescens,431,0.599,1960,0.107,0.056,0.188
Agaricus litoralis,444,0.705,1946,0.107,0.061,0.175
Clavaria fumosa,1763,0.75,1796,0.107,0.048,0.204
Inocybe glabripes,641,0.707,1915,0.108,0.064,0.169
Phanerochaete velutina,2227,0.407,1815,0.108,0.045,0.216
Lactarius romagnesii,499,0.78,1928,0.108,0.063,0.172
Inocybe subcarpta,689,0.514,1932,0.108,0.056,0.188
Clavaria falcata,1514,0.906,1794,0.108,0.047,0.216
Entoloma undatum,1324,0.718,1838,0.108,0.059,0.178
Antrodiella semisupina,1480,0.378,1872,0.108,0.054,0.2
Ceriporia viridans,1332,0.543,1861,0.108,0.061,0.18
Entoloma asprellum,1497,0.727,1821,0.108,0.055,0.188
Phlegmacium mussivum,1056,0.91,1838,0.108,0.058,0.191
Lactarius controversus,1909,0.716,1789,0.108,0.046,0.212
Orbilia xanthostigma,1848,0.573,1815,0.109,0.051,0.199
Rhizopogon parksii,478,0.467,1966,0.109,0.051,0.21
Pluteus primus,157,0.93,1991,0.109,0.06,0.183
Collybiopsis luxurians,642,0.849,1897,0.109,0.065,0.174
Galerina graminea,1289,0.805,1828,0.11,0.058,0.188
Pholiota adiposa,2109,0.631,1786,0.11,0.044,0.221
Naucoria bohemica,663,0.62,1921,0.11,0.063,0.178
Scleroderma septentrionale,190,0.732,1998,0.11,0.059,0.187
Contumyces rosellus,380,0.945,1930,0.11,0.062,0.184
Cortinarius malachius,1513,0.726,1818,0.11,0.056,0.193
Pappia fissilis,1378,0.59,1849,0.11,0.061,0.182
Stropharia pseudocyanea,1376,0.777,1823,0.11,0.057,0.19
Tremella cladoniae,149,0.899,1996,0.11,0.061,0.184
Phallus indusiatus,1691,0.755,1798,0.111,0.051,0.209
Hypochnicium erikssonii,310,0.506,1990,0.111,0.052,0.214
Lepiota boudieri,813,0.76,1884,0.111,0.067,0.172
Calycina claroflava,1520,0.679,1824,0.111,0.057,0.19
Multiclavula mucida,1666,0.774,1797,0.111,0.05,0.211
Cortinarius diasemospermus,203,0.892,1978,0.111,0.063,0.185
Turbinellus floccosus,1917,0.411,1832,0.111,0.051,0.21
Rhodocollybia prolixa,1726,0.6,1818,0.111,0.054,0.198
Agaricus subrutilescens,613,0.625,1926,0.111,0.064,0.181
Hydnum albidum,801,0.743,1887,0.112,0.067,0.173
Tricholoma joachimii,205,0.81,1985,0.112,0.062,0.186
Cortinarius biformis,1240,0.752,1838,0.112,0.062,0.184
Botryobasidium obtusisporum,471,0.527,1958,0.112,0.057,0.202
Pluteus podospileus,898,0.693,1881,0.112,0.068,0.173
Lactarius omphaliiformis,293,0.689,1974,0.112,0.062,0.189
Tricholoma albobrunneum,1793,0.669,1801,0.113,0.052,0.209
Phellinus hartigii,962,0.704,1872,0.113,0.068,0.175
Entoloma sericatum,896,0.6,1893,0.113,0.066,0.178
Lyophyllum shimeji,468,0.908,1915,0.113,0.066,0.186
Panaeolus olivaceus,421,0.713,1945,0.114,0.065,0.183
Calonarius atrovirens,751,0.887,1874,0.114,0.067,0.183
Amanita arctica,154,0.955,1987,0.114,0.063,0.19
Inosperma erubescens,925,0.643,1883,0.114,0.069,0.177
Echinoderma echinaceum,427,0.747,1940,0.114,0.067,0.181
Strobilomyces confusus,516,0.566,1945,0.115,0.062,0.196
Galerina pumila,1912,0.595,1801,0.115,0.05,0.218
Agaricus bisporus,1285,0.541,1860,0.115,0.065,0.188
Rhizocybe pruinosa,1212,0.755,1838,0.115,0.064,0.188
Otidea bufonia,1413,0.733,1822,0.115,0.06,0.196
Tremella coppinsii,174,0.862,1988,0.115,0.065,0.191
Cabalodontia subcretacea,445,0.719,1939,0.115,0.067,0.184
Hygrophorus discoxanthus,1380,0.8,1815,0.115,0.058,0.204
Hyphodontia arguta,2010,0.416,1821,0.115,0.051,0.221
Ceriporia purpurea,1620,0.608,1821,0.116,0.058,0.203
Basidiodendron caesiocinereum,885,0.469,1908,0.116,0.063,0.2
Cortinarius chrysolitus,710,0.579,1915,0.116,0.067,0.188
Inosperma adaequatum,898,0.683,1879,0.117,0.071,0.179
Athelia epiphylla,1768,0.546,1818,0.117,0.056,0.21
Limacella delicata,1464,0.698,1821,0.117,0.06,0.2
Chrysomphalina chrysophylla,1615,0.607,1821,0.117,0.059,0.204
Pseudosperma sororium,598,0.627,1924,0.117,0.068,0.188
Cortinarius decipiens,1731,0.678,1801,0.117,0.055,0.215
Diplomitoporus flavescens,679,0.71,1903,0.117,0.071,0.18
Mycena pearsoniana,351,0.687,1959,0.117,0.066,0.192
Mycena erubescens,557,0.776,1913,0.117,0.07,0.181
Hymenochaete fuliginosa,1578,0.618,1822,0.117,0.059,0.204
Strobilurus tenacellus,1859,0.655,1794,0.117,0.052,0.222
Delicatula integrella,1540,0.788,1800,0.117,0.055,0.219
Cubamyces lactineus,1044,0.829,1843,0.117,0.067,0.194
Clavaria argillacea,1687,0.725,1797,0.118,0.054,0.219
Russula amoenicolor,319,0.718,1962,0.118,0.067,0.191
Pholiota squarrosoides,1005,0.594,1878,0.118,0.07,0.184
Galerina hybrida,238,0.84,1969,0.118,0.068,0.191
Oligoporus rennyi,940,0.668,1875,0.118,0.072,0.182
Cortinarius spilomeus,1306,0.813,1818,0.118,0.061,0.207
Inocybe obscurobadia,327,0.765,1955,0.119,0.069,0.19
Arrhenia obscurata,455,0.596,1949,0.119,0.065,0.199
Cortinarius duracinus,1289,0.678,1838,0.119,0.066,0.193
Clathrus columnatus,1257,0.896,1811,0.119,0.058,0.219
Cookeina speciosa,1056,0.97,1822,0.119,0.06,0.222
Gymnopus foetidus,1791,0.669,1796,0.119,0.054,0.222
Tubaria romagnesiana,292,0.575,1982,0.119,0.061,0.211
Galiella rufa,1422,0.632,1832,0.119,0.064,0.2
Hypholoma marginatum,1693,0.718,1796,0.12,0.055,0.222
Panaeolus antillarum,1112,0.876,1828,0.12,0.064,0.208
Entoloma rhombisporum,433,0.801,1929,0.12,0.071,0.187
Psathyrella pseudogracilis,345,0.748,1952,0.12,0.07,0.191
Hydnellum martioflavum,335,0.669,1962,0.121,0.068,0.198
Fibroporia norrlandica,114,0.956,2000,0.121,0.068,0.199
Gymnopus alpinus,209,0.722,1987,0.121,0.068,0.199
Cortinarius lucorum,1160,0.756,1838,0.121,0.069,0.197
Xenasma tulasnelloideum,911,0.417,1908,0.122,0.063,0.213
Tricholoma cingulatum,1211,0.775,1830,0.122,0.066,0.202
Lactarius psammicola,355,0.817,1941,0.123,0.073,0.192
Cystolepiota bucknallii,799,0.757,1877,0.124,0.076,0.189
Lactarius hygrophoroides,997,0.711,1859,0.124,0.075,0.192
Caulorhiza umbonata,590,0.771,1904,0.124,0.075,0.189
Entoloma infula,1090,0.808,1836,0.124,0.069,0.205
Tricholoma fracticum,730,0.714,1891,0.124,0.076,0.188
Pluteus phlebophorus,1349,0.785,1813,0.124,0.063,0.219
Podoserpula pusio,878,0.817,1859,0.124,0.075,0.196
Radulodon erikssonii,227,0.806,1972,0.124,0.073,0.199
Mycena overholtsii,431,0.564,1953,0.125,0.068,0.211
Thaxterogaster talus,1163,0.736,1838,0.125,0.071,0.201
Raduliporus aneirinus,1309,0.714,1826,0.126,0.068,0.208
Loreleia marchantiae,227,0.811,1971,0.126,0.074,0.2
Efibula tuberculata,1014,0.404,1896,0.126,0.066,0.219
Resupinatus trichotis,1100,0.852,1828,0.126,0.068,0.215
Lanmaoa pallidorosea,110,0.973,1998,0.126,0.071,0.208
Volvariella caesiotincta,209,0.828,1974,0.127,0.075,0.201
Entyloma ficariae,1481,0.519,1837,0.127,0.067,0.213
Ganoderma pfeifferi,868,0.711,1872,0.127,0.078,0.192
Lactarius lilacinus,1388,0.639,1828,0.127,0.068,0.212
Xylaria magnoliae,193,0.819,1979,0.128,0.075,0.205
Rhizopogon luteolus,1548,0.608,1817,0.129,0.065,0.222
Callistosporium purpureomarginatum,111,0.973,1996,0.129,0.073,0.212
Calonarius pseudoglaucopus,238,0.87,1960,0.129,0.076,0.205
Steccherinum oreophilum,251,0.661,1977,0.13,0.074,0.213
Gamundia striatula,486,0.675,1928,0.13,0.079,0.2
Inocybe assimilata,951,0.551,1881,0.13,0.078,0.203
Entoloma xanthochroum,223,0.87,1964,0.13,0.076,0.205
Xeromphalina kauffmanii,387,0.607,1953,0.13,0.073,0.212
Tomentella lilacinogrisea,341,0.569,1966,0.13,0.071,0.221
Sarcoscypha occidentalis,1354,0.614,1832,0.131,0.071,0.215
Exidia repanda,1439,0.629,1822,0.131,0.068,0.221
Mucronella flava,246,0.911,1953,0.131,0.076,0.209
Tremella globispora,248,0.734,1970,0.131,0.077,0.208
Hydnellum auratile,560,0.886,1891,0.131,0.079,0.206
Morchella brunnea,97,0.856,2012,0.132,0.075,0.214
Cortinarius ohlone,74,1,2013,0.132,0.073,0.221
Chroogomphus vinicolor,773,0.565,1898,0.133,0.079,0.206
Leucoagaricus barssii,376,0.785,1934,0.133,0.081,0.204
Cortinarius ionophyllus,268,0.69,1968,0.134,0.078,0.213
Thaxterogaster turmalis,1109,0.73,1838,0.134,0.077,0.212
Entoloma juncinum,380,0.589,1954,0.134,0.075,0.219
Trichophaea woolhopeia,755,0.747,1877,0.134,0.084,0.202
Agaricus bernardii,787,0.704,1878,0.134,0.084,0.201
Hebeloma fragilipes,263,0.722,1965,0.135,0.08,0.213
Morchella punctipes,432,0.956,1903,0.136,0.079,0.224
Pluteus plautus,1116,0.728,1836,0.136,0.079,0.216
Lactarius torminosulus,112,0.955,1994,0.136,0.079,0.219
Cortinarius praestans,1186,0.748,1826,0.136,0.075,0.222
Parasola auricoma,1089,0.77,1833,0.137,0.077,0.22
Mycoacia gilvescens,644,0.602,1908,0.137,0.083,0.209
Trichoderma sinuosum,105,0.886,2003,0.138,0.08,0.218
Aureoboletus projectellus,360,0.758,1938,0.138,0.084,0.209
Lepiota fuscovinacea,363,0.733,1940,0.138,0.084,0.21
Entoloma turci,623,0.825,1884,0.138,0.086,0.21
Cerrena zonata,934,0.725,1854,0.139,0.085,0.212
Inocybe godeyi,793,0.705,1874,0.139,0.088,0.207
Conocybe juniana,468,0.592,1935,0.14,0.082,0.22
Hydnellum versipelle,880,0.72,1861,0.14,0.087,0.21
Picipes tubaeformis,736,0.69,1883,0.14,0.089,0.207
Cortinarius caesiobrunneus,86,0.919,2009,0.14,0.081,0.223
Agaricus cupreobrunneus,392,0.666,1939,0.142,0.087,0.218
Xanthoconium purpureum,204,0.887,1962,0.142,0.085,0.221
Pholiota terrestris,508,0.61,1924,0.143,0.087,0.221
Ramaria flavobrunnescens,559,0.669,1909,0.143,0.09,0.212
Lactarius paradoxus,367,0.692,1940,0.144,0.089,0.219
Pluteus thomsonii,732,0.724,1876,0.146,0.093,0.216
Inocybe splendens,342,0.807,1932,0.146,0.09,0.22
Pholiota lignicola,813,0.661,1872,0.147,0.094,0.218
Tricholoma psammopus,832,0.626,1873,0.149,0.095,0.22
Parasola kuehneri,334,0.793,1934,0.149,0.093,0.223
Russula amethystina,519,0.792,1898,0.15,0.095,0.223
Lactarius decipiens,711,0.633,1886,0.153,0.098,0.222
